original,phonetic,syllables,syl_number,word_len
йомшак,jомшак,SVS-CVC,2,6
кына,кына,CV-SV,2,4
җәйге,җәjге,CVS-CV,2,5
җил,җил,CVS,1,3
исә,исә,V-CV,2,3
дала,дала,CV-SV,2,4
буйлап,буjлап,CVS-SVC,2,6
кылганнар,кылганнар,CVS-CVS-SVS,3,9
йөгерә,jөгерә,SV-CV-SV,3,6
кылганнар,кылганнар,CVS-CVS-SVS,3,9
йөгерә,jөгерә,SV-CV-SV,3,6
ефәк,jефәк,SV-CVC,2,5
чукларын,чукларын,CVC-SV-SVS,3,8
еш,jыш,SVC,1,3
еш,jыш,SVC,1,3
кына,кына,CV-SV,2,4
селкеп,селкеп,CVS-CVC,2,6
акрын,акрын,VC-SVS,2,5
гына,гына,CV-SV,2,4
кыштырдап,кыштырдап,CVC-CVS-CVC,3,9
бик,бик,CVC,1,3
тырышып,тырышып,CV-SV-CVC,3,7
һәм,һәм,CVS,1,3
бик,бик,CVC,1,3
кабаланып,кабаланып,CV-CV-SV-SVC,4,9
йөгерә,jөгерә,SV-CV-SV,3,6
кебек,кебек,CV-CVC,2,5
алар,алар,V-SVS,2,4
колын,колын,CV-SVS,2,5
булып,булып,CV-SVC,2,5
уйнаклап,уjнаклап,VS-SVC-SVC,3,8
шул,шул,CVS,1,3
кылганнар,кылганнар,CVS-CVS-SVS,3,9
артыннан,артыннан,VS-CVS-SVS,3,8
чабасы,чабасы,CV-CV-CV,3,6
да,да,CV,1,2
чабасы,чабасы,CV-CV-CV,3,6
килә,килә,CV-SV,2,4
дала,дала,CV-SV,2,4
буш,буш,CVC,1,3
дала,дала,CV-SV,2,4
киң,киң,CVS,1,3
җир,җир,CVS,1,3
җылыкай,җылыкаj,CV-SV-CVS,3,7
шаян,шаjан,CV-SVS,2,5
җилкәй,җилкәj,CVS-CVS,2,6
биттән,биттән,CVC-CVS,2,6
сөя,сөjә,CV-SV,2,4
рәхәт,рәхәт,SV-CVC,2,5
һәй,һәj,CVS,1,3
рәхәт,рәхәт,SV-CVC,2,5
тә,тә,CV,1,2
соң,соң,CVS,1,3
һәм,һәм,CVS,1,3
ямансу,jамансу,SV-SVS-CV,3,7
нигәдер,нигәдер,SV-CV-CVS,3,7
бик,бик,CVC,1,3
ямансу,jамансу,SV-SVS-CV,3,7
да,да,CV,1,2
шул,шул,CVS,1,3
шагыйрь,шагыjр,CV-CVSS,2,6
әйтмешли,әjтмешли,VSC-SVC-SV,3,8
йөгереп,jөгереп,SV-CV-SVC,3,7
уйныйсы,уjныjсы,VS-SVS-CV,3,7
ятып,jатып,SV-CVC,2,5
елыйсы,jылыjсы,SV-SVS-CV,3,7
килә,килә,CV-SV,2,4
бу,бу,CV,1,2
тын,тын,CVS,1,3
буш,буш,CVC,1,3
моңсу,моңсу,SVS-CV,2,5
башкорт,башкорт,CVC-CVSC,2,7
даласында,даласында,CV-SV-CVS-CV,4,9
әнә,әнә,V-SV,2,3
көмешләнеп,көмешләнеп,CV-SVC-SV-SVC,4,10
дулкынланган,дулкынланган,CVS-CVS-SVS-CVS,4,12
кылганнар,кылганнар,CVS-CVS-SVS,3,9
арасында,арасында,V-SV-CVS-CV,4,8
ак,ак,VC,1,2
яулык,jаwлык,SVS-SVC,2,6
бөркәнгән,бөркәнгән,CVS-CVS-CVS,3,9
алъяпкыч,алjапкыч,VS-SVC-CVC,3,8
бәйләгән,бәjләгән,CVS-SV-CVS,3,8
күлмәген,күлмәген,CVS-SV-CVS,3,8
ыштан,ыштан,VC-CVS,2,5
бөрмәсенә,бөрмәсенә,CVS-SV-CV-SV,4,9
кыстырган,кыстырган,CVC-CVS-CVS,3,9
кечкенә,кечкенә,CVC-CV-SV,3,7
буйлы,буjлы,CVS-SV,2,5
арык,арык,V-SVC,2,4
кына,кына,CV-SV,2,4
бер,бер,CVS,1,3
әби,әби,V-CV,2,3
кизәк,кизәк,CV-CVC,2,5
җыеп,җыjып,CV-SVC,2,5
йөри,jөри,SV-SV,2,4
сул,сул,CVS,1,3
беләгендә,беләгендә,CV-SV-CVS-CV,4,9
аның,аның,V-SVS,2,4
иске,иске,VC-CV,2,4
чиләк,чиләк,CV-SVC,2,5
уң,уң,VS,1,2
кулында,кулында,CV-SVS-CV,3,7
нечкә,нечкә,SVC-CV,2,5
таяк,таjак,CV-SVC,2,5
шул,шул,CVS,1,3
таягы,таjагы,CV-SV-CV,3,6
белән,белән,CV-SVS,2,5
ул,ул,VS,1,2
кизәкне,кизәкне,CV-CVC-SV,3,7
чирәмнән,чирәмнән,CV-SVS-SVS,3,8
куптарып,куптарып,CVC-CV-SVC,3,8
әйләндерә,әjләндерә,VS-SVS-CV-SV,4,9
дә,дә,CV,1,2
аннары,аннары,VS-SV-SV,3,6
иелеп,иjелеп,V-SV-SVC,3,6
алып,алып,V-SVC,2,4
чиләгенә,чиләгенә,CV-SV-CV-SV,4,8
сала,сала,CV-SV,2,4
тагын,тагын,CV-CVS,2,5
як,jак,SVC,1,3
ягына,jагына,SV-CV-SV,3,6
каранып,каранып,CV-SV-SVC,3,7
эзләп,эзләп,VC-SVC,2,5
китә,китә,CV-CV,2,4
тагын,тагын,CV-CVS,2,5
кизәкне,кизәкне,CV-CVC-SV,3,7
чирәмнән,чирәмнән,CV-SVS-SVS,3,8
куптарып,куптарып,CVC-CV-SVC,3,8
чиләгенә,чиләгенә,CV-SV-CV-SV,4,8
алып,алып,V-SVC,2,4
сала,сала,CV-SV,2,4
шулай,шулаj,CV-SVS,2,5
да,да,CV,1,2
бу,бу,CV,1,2
авыл,аwыл,V-SVS,2,4
кырындагы,кырындагы,CV-SVS-CV-CV,4,9
чирәмлектә,чирәмлектә,CV-SVS-SVC-CV,4,10
хәзер,хәзер,CV-CVS,2,5
кизәк,кизәк,CV-CVC,2,5
аз,аз,VC,1,2
табыла,табыла,CV-CV-SV,3,6
колхоз,колхоз,CVS-CVC,2,6
терлекләре,терлекләре,CVS-SVC-SV-SV,4,10
монда,монда,SVS-CV,2,5
йөрмиләр,jөрмиләр,SVS-SV-SVS,3,8
ә,ә,V,1,1
бәләкәй,бәләкәj,CV-SV-CVS,3,7
генә,генә,CV-SV,2,4
авылның,аwылның,V-SVS-SVS,3,7
үз,үз,VC,1,2
бозаулары,бозаwлары,CV-CVS-SV-SV,4,9
салып,салып,CV-SVC,2,5
калдырган,калдырган,CVS-CVS-CVS,3,9
беленнәр,беленнәр,CV-SVS-SVS,3,8
күпме,күпме,CVC-SV,2,5
генә,генә,CV-SV,2,4
соң,соң,CVS,1,3
ул,ул,VS,1,2
далада,далада,CV-SV-CV,3,6
утын,утын,V-CVS,2,4
дигән,дигән,CV-CVS,2,5
нәрсә,нәрсә,SVS-CV,2,5
бик,бик,CVC,1,3
кадерле,кадерле,CV-CVS-SV,3,7
булгач,булгач,CVS-CVC,2,6
ялгыз,jалгыз,SVS-CVC,2,6
әби,әби,V-CV,2,3
ике,ике,V-CV,2,3
өч,өч,VC,1,2
көндә,көндә,CVS-CV,2,5
бер,бер,CVS,1,3
чыгып,чыгып,CV-CVC,2,5
иске,иске,VC-CV,2,4
чиләге,чиләге,CV-SV-CV,3,6
тулар,тулар,CV-SVS,2,5
тулмас,тулмас,CVS-SVC,2,6
шул,шул,CVS,1,3
беленнәрне,беленнәрне,CV-SVS-SVS-SV,4,10
җыеп,җыjып,CV-SVC,2,5
кайта,каjта,CVS-CV,2,5
борыннан,борыннан,CV-SVS-SVS,3,8
килгән,килгән,CVS-CVS,2,6
бер,бер,CVS,1,3
гадәт,гадәт,CV-CVC,2,5
аннары,аннары,VS-SV-SV,3,6
кизәк,кизәк,CV-CVC,2,5
казан,казан,CV-CVS,2,5
астына,астына,VC-CV-SV,3,6
бик,бик,CVC,1,3
килешә,килешә,CV-SV-CV,3,6
ашны,ашны,VC-SV,2,4
әкрен,әкрен,VC-SVS,2,5
генә,генә,CV-SV,2,4
кайната,каjната,CVS-SV-CV,3,7
ә,ә,V,1,1
үз,үз,VC,1,2
җае,җаjы,CV-SV,2,4
белән,белән,CV-SVS,2,5
әкрен,әкрен,VC-SVS,2,5
генә,генә,CV-SV,2,4
кайнап,каjнап,CVS-SVC,2,6
пешкән,пешкән,CVC-CVS,2,6
аш,аш,VC,1,2
бик,бик,CVC,1,3
тәмле,тәмле,CVS-SV,2,5
була,була,CV-SV,2,4
ул,ул,VS,1,2
әйтерсең,әjтерсең,VS-CVS-CVS,3,8
чирәм,чирәм,CV-SVS,2,5
исе,исе,V-CV,2,3
керә,керә,CV-SV,2,4
ашка,ашка,VC-CV,2,4
тик,тик,CVC,1,3
соңгы,соңгы,CVS-CV,2,5
вакытта,wакытта,SV-CVC-CV,3,7
әбинең,әбинең,V-CV-SVS,3,6
хәле,хәле,CV-SV,2,4
бик,бик,CVC,1,3
үк,үк,VC,1,2
әйбәт,әjбәт,VS-CVC,2,5
түгел,түгел,CV-CVS,2,5
әле,әле,V-SV,2,3
картлыгы,картлыгы,CVSC-SV-CV,3,8
җиткәнме,җиткәнме,CVC-CVS-SV,3,8
берәр,берәр,CV-SVS,2,5
чир,чир,CVS,1,3
зәхмәтеме,зәхмәтеме,CVC-SV-CV-SV,4,9
шунда,шунда,CVS-CV,2,5
ләкин,ләкин,SV-CVS,2,5
гел,гел,CVS,1,3
менә,менә,SV-SV,2,4
бөтен,бөтен,CV-CVS,2,5
тәне,тәне,CV-SV,2,4
авыраеп,аwыраjып,V-SV-SV-SVC,4,8
кул,кул,CVS,1,3
аяклары,аjаклары,V-SVC-SV-SV,4,8
сызлап,сызлап,CVC-SVC,2,6
йөрәгенең,jөрәгенең,SV-SV-CV-SVS,4,9
хәле,хәле,CV-SV,2,4
китеп,китеп,CV-CVC,2,5
тора,тора,CV-SV,2,4
ара,ара,V-SV,2,3
тирә,тирә,CV-SV,2,4
өшетеп,өшетеп,V-CV-CVC,3,6
тә,тә,CV,1,2
җибәрә,җибәрә,CV-CV-SV,3,6
яки,jәки,SV-CV,2,4
тиктомалга,тиктомалга,CVC-CV-SVS-CV,4,10
яндыра,jандыра,SVS-CV-SV,3,7
да,да,CV,1,2
башлый,башлыj,CVC-SVS,2,6
үзенчә,үзенчә,V-CVS-CV,3,6
мәтрүшкәсен,мәтрүшкәсен,SVC-SVC-CV-CVS,4,11
ниен,ниjен,SV-SVS,2,5
эчкәләп,эчкәләп,VC-CV-SVC,3,7
ятып,jатып,SV-CVC,2,5
караса,караса,CV-SV-CV,3,6
да,да,CV,1,2
бер,бер,CVS,1,3
дә,дә,CV,1,2
юнәеп,jүнәеп,SV-SV-VC,3,6
китә,китә,CV-CV,2,4
алмый,алмыj,VS-SVS,2,5
менә,менә,SV-SV,2,4
бүген,бүген,CV-CVS,2,5
дә,дә,CV,1,2
кояш,коjаш,CV-SVC,2,5
шактый,шактыj,CVC-CVS,2,6
нык,нык,SVC,1,3
кыздыруга,кыздыруга,CVC-CV-SV-CV,4,9
карамастан,карамастан,CV-SV-SVC-CVS,4,10
аның,аның,V-SVS,2,4
зәгыйфь,зәгыjф,CV-CVSC,2,6
тәне,тәне,CV-SV,2,4
эчендә,эчендә,V-CVS-CV,3,6
боз,боз,CVC,1,3
яткандай,jаткандаj,SVC-CVS-CVS,3,9
гел,гел,CVS,1,3
туңып,туңып,CV-SVC,2,5
тора,тора,CV-SV,2,4
аркасы,аркасы,VS-CV-CV,3,6
буйлап,буjлап,CVS-SVC,2,6
әледән,әледән,V-SV-CVS,3,6
әле,әле,V-SV,2,3
салкын,салкын,CVS-CVS,2,6
кымырҗу,кымырҗу,CV-SVS-CV,3,7
йөгереп,jөгереп,SV-CV-SVC,3,7
уза,уза,V-CV,2,3
шул,шул,CVS,1,3
ук,ук,VC,1,2
вакытта,wакытта,SV-CVC-CV,3,7
күз,күз,CVC,1,3
төпләре,төпләре,CVC-SV-SV,3,7
яна,jана,SV-SV,2,4
иреннәре,иреннәре,V-SVS-SV-SV,4,8
бөрешеп,бөрешеп,CV-SV-CVC,3,7
кибә,кибә,CV-CV,2,4
һәм,һәм,CVS,1,3
ул,ул,VS,1,2
гер,гер,CVS,1,3
таккандай,таккандаj,CVC-CVS-CVS,3,9
авыраеп,аwыраjып,V-SV-SV-SVC,4,8
киткән,киткән,CVC-CVS,2,6
аякларын,аjакларын,V-SVC-SV-SVS,4,9
көчкә,көчкә,CVC-CV,2,5
генә,генә,CV-SV,2,4
сөйрәп,сөjрәп,CVS-SVC,2,6
йөри,jөри,SV-SV,2,4
булмас,булмас,CVS-SVC,2,6
ахрысы,ахрысы,VC-SV-CV,3,6
кайтырга,каjтырга,CVS-CVS-CV,3,8
кирәк,кирәк,CV-SVC,2,5
ди,ди,CV,1,2
ул,ул,VS,1,2
үз,үз,VC,1,2
үзенә,үзенә,V-CV-SV,3,5
иренеп,иренеп,V-SV-SVC,3,6
кенә,кенә,CV-SV,2,4
һәм,һәм,CVS,1,3
чиләге,чиләге,CV-SV-CV,3,6
кизәк,кизәк,CV-CVC,2,5
белән,белән,CV-SVS,2,5
тулмаса,тулмаса,CVS-SV-CV,3,7
да,да,CV,1,2
авылга,аwылга,V-SVS-CV,3,6
таба,таба,CV-CV,2,4
борыла,борыла,CV-SV-SV,3,6
читән,читән,CV-CVS,2,5
буйларында,буjларында,CVS-SV-SVS-CV,4,10
котырып,котырып,CV-CV-SVC,3,7
кычыткан,кычыткан,CV-CVC-CVS,3,8
үскән,үскән,VC-CVS,2,5
тар,тар,CVS,1,3
тыкрыктан,тыкрыктан,CVC-SVC-CVS,3,9
узып,узып,V-CVC,2,4
бәбкә,бәбкә,CVC-CV,2,5
үләне,үләне,V-SV-SV,3,5
түшәлгән,түшәлгән,CV-CVS-CVS,3,8
киң,киң,CVS,1,3
урамга,урамга,V-SVS-CV,3,6
килеп,килеп,CV-SVC,2,5
чыккан,чыккан,CVC-CVS,2,6
чакта,чакта,CVC-CV,2,5
гына,гына,CV-SV,2,4
аңа,аңа,V-SV,2,3
миңлебай,миңлебаj,SVS-SV-CVS,3,8
карт,карт,CVSC,1,4
очрый,очрыj,VC-SVS,2,5
торна,торна,CVS-SV,2,5
шикелле,шикелле,CV-CVS-SV,3,7
нечкә,нечкә,SVC-CV,2,5
озын,озын,V-CVS,2,4
аяклы,аjаклы,V-SVC-SV,3,6
какланып,какланып,CVC-SV-SVC,3,8
беткән,беткән,CVC-CVS,2,6
бу,бу,CV,1,2
чандыр,чандыр,CVS-CVS,2,6
бабайны,бабаjны,CV-CVS-SV,3,7
авылның,аwылның,V-SVS-SVS,3,7
иң,иң,VS,1,2
карт,карт,CVSC,1,4
кешесе,кешесе,CV-CV-CV,3,6
диләр,диләр,CV-SVS,2,5
туксанның,туксанның,CVC-CVS-SVS,3,9
өстендә,өстендә,VC-CVS-CV,3,7
үк,үк,VC,1,2
түгел,түгел,CV-CVS,2,5
микән,микән,SV-CVS,2,5
хәер,хәер,CV-VS,2,4
тәгаен,тәгаjын,CV-CV-SVS,3,7
ничә,ничә,SV-CV,2,4
яшьтә,jәштә,SVC-CV,2,5
булуын,булуын,CV-SV-VS,3,6
ул,ул,VS,1,2
үзе,үзе,V-CV,2,3
дә,дә,CV,1,2
белми,белми,CVS-SV,2,5
былтыр,былтыр,CVS-CVS,2,6
гына,гына,CV-SV,2,4
аның,аның,V-SVS,2,4
җитмештән,җитмештән,CVC-SVC-CVS,3,9
узган,узган,VC-CVS,2,5
миңлегәрәй,миңлегәрәj,SVS-SV-CV-SVS,4,10
исемле,исемле,V-CVS-SV,3,6
улы,улы,V-SV,2,3
үлеп,үлеп,V-SVC,2,4
киткән,киткән,CVC-CVS,2,6
иде,иде,V-CV,2,3
хәзер,хәзер,CV-CVS,2,5
бабай,бабаj,CV-CVS,2,5
миңлегәрәйнең,миңлегәрәjнең,SVS-SV-CV-SVS-SVS,5,13
зур,зур,CVS,1,3
улы,улы,V-SV,2,3
миңлегалидә,миңлегалидә,SVS-SV-CV-SV-CV,5,11
тора,тора,CV-SV,2,4
миңлегалинең,миңлегалинең,SVS-SV-CV-SV-SVS,5,12
дә,дә,CV,1,2
өйләнгән,өjләнгән,VS-SVS-CVS,3,8
улы,улы,V-SV,2,3
кияүгә,киjәwгә,CV-SVS-CV,3,7
чыккан,чыккан,CVC-CVS,2,6
кызлары,кызлары,CVC-SV-SV,3,7
бар,бар,CVS,1,3
миңлебай,миңлебаj,SVS-SV-CVS,3,8
карт,карт,CVSC,1,4
менә,менә,SV-SV,2,4
шуларның,шуларның,CV-SVS-SVS,3,8
балаларын,балаларын,CV-SV-SV-SVS,4,9
ягъни,jәгни,SVC-SV,2,5
үз,үз,VC,1,2
токымының,токымының,CV-CV-SV-SVS,4,9
дүртенче,дүртенче,CVS-CVS-CV,3,8
буынын,буынын,CV-V-SVS,3,6
күрде,күрде,CVS-CV,2,5
дүртенче,дүртенче,CVS-CVS-CV,3,8
буын,буын,CV-VS,2,4
әкәмәт,әкәмәт,V-CV-SVC,3,6
икән,икән,V-CVS,2,4
ул,ул,VS,1,2
бер,бер,CVS,1,3
дә,дә,CV,1,2
бабай,бабаj,CV-CVS,2,5
дигәнчә,дигәнчә,CV-CVS-CV,3,7
түгел,түгел,CV-CVS,2,5
ул,ул,VS,1,2
хәтта,хәтта,CVC-CV,2,5
аларның,аларның,V-SVS-SVS,3,7
исемнәрен,исемнәрен,V-CVS-SV-SVS,4,9
дә,дә,CV,1,2
отып,отып,V-CVC,2,4
ала,ала,V-SV,2,3
алмый,алмыj,VS-SVS,2,5
вилне,вилне,CVS-SV,2,5
вилдан,вилдан,CVS-CVS,2,6
дип,дип,CVC,1,3
эмманы,эмманы,VS-SV-SV,3,6
әсмабикә,әсмабикә,VC-SV-CV-CV,4,8
дип,дип,CVC,1,3
тик,тик,CVC,1,3
йөртә,jөртә,SVS-CV,2,5
шунда,шунда,CVS-CV,2,5
дөньяда,дөнjада,CVS-SV-CV,3,7
чамасыз,чамасыз,CV-SV-CVC,3,7
озак,озак,V-CVC,2,4
яши,jәши,SV-CV,2,4
торгач,торгач,CVS-CVC,2,6
кайчандыр,каjчандыр,CVS-CVS-CVS,3,9
паровоз,паровоз,CV-SV-CVC,3,7
тавышын,таwышын,CV-SV-CVS,3,7
да,да,CV,1,2
ишетмәгән,ишетмәгән,V-CVC-SV-CVS,4,9
бабай,бабаj,CV-CVS,2,5
тракторын,тракторын,CSVC-CV-SVS,3,9
да,да,CV,1,2
күрде,күрде,CVS-CV,2,5
автомашинасын,автомашинасын,VC-CV-SV-CV-SV-CVS,6,13
да,да,CV,1,2
самолетын,самолетын,CV-SV-SV-CVS,4,9
да,да,CV,1,2
радиосын,радиосын,SV-CV-V-CVS,4,8
да,да,CV,1,2
күрде,күрде,CVS-CV,2,5
алар,алар,V-SVS,2,4
аның,аның,V-SVS,2,4
авылына,аwылына,V-SV-SV-SV,4,7
һәм,һәм,CVS,1,3
өенә,өjенә,V-SV-SV,3,5
килеп,килеп,CV-SVC,2,5
керделәр,керделәр,CVS-CV-SVS,3,8
ләкин,ләкин,SV-CVS,2,5
картның,картның,CVSC-SVS,2,7
берсенә,берсенә,CVS-CV-SV,3,7
дә,дә,CV,1,2
исе,исе,V-CV,2,3
китмәде,китмәде,CVC-SV-CV,3,7
чөнки,чөнки,CVS-CV,2,5
бу,бу,CV,1,2
заманның,заманның,CV-SVS-SVS,3,8
барышына,барышына,CV-SV-CV-SV,4,8
ис,ис,VC,1,2
китеп,китеп,CV-CVC,2,5
өлгерерлек,өлгерерлек,VS-CV-SVS-SVC,4,10
түгел,түгел,CV-CVS,2,5
иде,иде,V-CV,2,3
ләкин,ләкин,SV-CVS,2,5
былтырмы,былтырмы,CVS-CVS-SV,3,8
икән,икән,V-CVS,2,4
өченче,өченче,V-CVS-CV,3,6
ел,jыл,SVS,1,3
микән,микән,SV-CVS,2,5
кемнәрнеңдер,кемнәрнеңдер,CVS-SVS-SVS-CVS,4,12
бу,бу,CV,1,2
тирәләргә,тирәләргә,CV-SV-SVS-CV,4,9
очып,очып,V-CVC,2,4
килеп,килеп,CV-SVC,2,5
самолеттан,самолеттан,CV-SV-SVC-CVS,4,10
бүре,бүре,CV-SV,2,4
атып,атып,V-CVC,2,4
йөрүләрен,jөрүләрен,SV-SV-SV-SVS,4,9
ишеткәч,ишеткәч,V-CVC-CVC,3,7
картның,картның,CVSC-SVS,2,7
моңа,моңа,SV-SV,2,4
шулай,шулаj,CV-SVS,2,5
да,да,CV,1,2
исе,исе,V-CV,2,3
китте,китте,CVC-CV,2,5
кара,кара,CV-SV,2,4
син,син,CVS,1,3
аны,аны,V-SV,2,3
бүрене,бүрене,CV-SV-SV,3,6
самолеттан,самолеттан,CV-SV-SVC-CVS,4,10
гына,гына,CV-SV,2,4
сугалар,сугалар,CV-CV-SVS,3,7
диген,диген,CV-CVS,2,5
ә,ә,V,1,1
кайчандыр,каjчандыр,CVS-CVS-CVS,3,9
бик,бик,CVC,1,3
күптән,күптән,CVC-CVS,2,6
инде,инде,VS-CV,2,4
ул,ул,VS,1,2
үзе,үзе,V-CV,2,3
ир,ир,VS,1,2
егет,jегет,SV-CVC,2,5
чагында,чагында,CV-CVS-CV,3,7
камчат,камчат,CVS-CVC,2,6
бүрек,бүрек,CV-SVC,2,5
ак,ак,VC,1,2
чикмән,чикмән,CVC-SVS,2,6
киеп,киjеп,CV-SVC,2,5
билен,билен,CV-SVS,2,5
кызыл,кызыл,CV-CVS,2,5
билбау,билбаw,CVS-CVS,2,6
белән,белән,CV-SVS,2,5
буып,буып,CV-VC,2,4
камыт,камыт,CV-SVC,2,5
күрмәгән,күрмәгән,CVS-SV-CVS,3,8
сөлектәй,сөлектәj,CV-SVC-CVS,3,8
яшь,jәш,SVC,1,3
айгырга,аjгырга,VS-CVS-CV,3,7
атланып,атланып,VC-SV-SVC,3,7
далага,далага,CV-SV-CV,3,6
чыгып,чыгып,CV-CVC,2,5
китә,китә,CV-CV,2,4
иде,иде,V-CV,2,3
дә,дә,CV,1,2
йөри,jөри,SV-SV,2,4
йөри,jөри,SV-SV,2,4
бүренең,бүренең,CV-SV-SVS,3,7
эзенә,эзенә,V-CV-SV,3,5
төшкәч,төшкәч,CVC-CVC,2,6
аны,аны,V-SV,2,3
уктай,уктаj,VC-CVS,2,5
сузылып,сузылып,CV-CV-SVC,3,7
очкан,очкан,VC-CVS,2,5
бурзаеннан,бурзаjыннан,CVS-CV-SVS-SVS,4,11
өсләтеп,өсләтеп,VC-SV-CVC,3,7
һәм,һәм,CVS,1,3
ун,ун,VS,1,2
унбиш,унбиш,VS-CVC,2,5
чакрым,чакрым,CVC-SVS,2,6
куа,куа,CV-V,2,3
барып,барып,CV-SVC,2,5
озын,озын,V-CVS,2,4
саплы,саплы,CVC-SV,2,5
чукмары,чукмары,CVC-SV-SV,3,7
белән,белән,CV-SVS,2,5
сугып,сугып,CV-CVC,2,5
ала,ала,V-SV,2,3
торган,торган,CVS-CVS,2,6
иде,иде,V-CV,2,3
менә,менә,SV-SV,2,4
бу,бу,CV,1,2
ичмасам,ичмасам,VC-SV-CVS,3,7
бүре,бүре,CV-SV,2,4
сугу,сугу,CV-CV,2,4
иде,иде,V-CV,2,3
ә,ә,V,1,1
хәзер,хәзер,CV-CVS,2,5
һавадан,һаwадан,CV-SV-CVS,3,7
атып,атып,V-CVC,2,4
йөриләр,jөриләр,SV-SV-SVS,3,7
имеш,имеш,V-SVC,2,4
моның,моның,SV-SVS,2,5
ни,ни,SV,1,2
кызыгы,кызыгы,CV-CV-CV,3,6
да,да,CV,1,2
ни,ни,SV,1,2
комарлыгы,комарлыгы,CV-SVS-SV-CV,4,9
бар,бар,CVS,1,3
юк,jук,SVC,1,3
әллә,әллә,VS-SV,2,4
нишләде,нишләде,SVC-SV-CV,3,7
бу,бу,CV,1,2
замана,замана,CV-SV-SV,3,6
машина,машина,SV-CV-SV,3,6
да,да,CV,1,2
машина,машина,SV-CV-SV,3,6
ә,ә,V,1,1
кешенең,кешенең,CV-CV-SVS,3,7
үз,үз,VC,1,2
йөрәгенә,jөрәгенә,SV-SV-CV-SV,4,8
үз,үз,VC,1,2
кулына,кулына,CV-SV-SV,3,6
ни,ни,SV,1,2
кала,кала,CV-SV,2,4
миңлебай,миңлебаj,SVS-SV-CVS,3,8
картның,картның,CVSC-SVS,2,7
дөньяда,дөнjада,CVS-SV-CV,3,7
да,да,CV,1,2
колхозда,колхозда,CVS-CVC-CV,3,8
да,да,CV,1,2
хәзер,хәзер,CV-CVS,2,5
бер,бер,CVS,1,3
эше,эше,V-CV,2,3
дә,дә,CV,1,2
юк,jук,SVC,1,3
ул,ул,VS,1,2
какланып,какланып,CVC-SV-SVC,3,8
беткән,беткән,CVC-CVS,2,6
тәнендә,тәнендә,CV-SVS-CV,3,7
бары,бары,CV-SV,2,4
җан,җан,CVS,1,3
асрый,асрыj,VC-SVS,2,5
алдына,алдына,VS-CV-SV,3,6
куйганны,куjганны,CVS-CVS-SV,3,8
утырып,утырып,V-CV-SVC,3,6
ашый,ашыj,V-CVS,2,4
ястыгын,jастыгын,SVC-CV-CVS,3,8
тәгәрәтә,тәгәрәтә,CV-CV-SV-CV,4,8
дә,дә,CV,1,2
ятып,jатып,SV-CVC,2,5
йоклый,jоклыj,SVC-SVS,2,6
шулай,шулаj,CV-SVS,2,5
итеп,итеп,V-CVC,2,4
гомерен,гомерен,CV-SV-SVS,3,7
суза,суза,CV-CV,2,4
да,да,CV,1,2
суза,суза,CV-CV,2,4
аның,аның,V-SVS,2,4
хәзер,хәзер,CV-CVS,2,5
бер,бер,CVS,1,3
генә,генә,CV-SV,2,4
эше,эше,V-CV,2,3
бар,бар,CVS,1,3
ул,ул,VS,1,2
ялан,jалан,SV-SVS,2,5
таптарга,таптарга,CVC-CVS-CV,3,8
ярата,jарата,SV-SV-CV,3,6
һәр,һәр,CVS,1,3
көнне,көнне,CVS-SV,2,5
иртәнге,иртәнге,VS-CVS-CV,3,7
чәйдән,чәjдән,CVS-CVS,2,6
соң,соң,CVS,1,3
ул,ул,VS,1,2
озын,озын,V-CVS,2,4
карагай,карагаj,CV-SV-CVS,3,7
таягын,таjагын,CV-SV-CVS,3,7
тотып,тотып,CV-CVC,2,5
торнаныкыдай,торнаныкыдаj,CVS-SV-SV-CV-CVS,5,12
нечкә,нечкә,SVC-CV,2,5
аякларын,аjакларын,V-SVC-SV-SVS,4,9
сыгылдырып,сыгылдырып,CV-CVS-CV-SVC,4,10
кына,кына,CV-SV,2,4
буш,буш,CVC,1,3
урамнан,урамнан,V-SVS-SVS,3,7
уза,уза,V-CV,2,3
кырга,кырга,CVS-CV,2,5
чыга,чыга,CV-CV,2,4
һәм,һәм,CVS,1,3
күзе,күзе,CV-CV,2,4
караган,караган,CV-SV-CVS,3,7
якка,jакка,SVC-CV,2,5
таба,таба,CV-CV,2,4
китеп,китеп,CV-CVC,2,5
бара,бара,CV-SV,2,4
берәр,берәр,CV-SVS,2,5
түбә,түбә,CV-CV,2,4
җиргә,җиргә,CVS-CV,2,5
менгәч,менгәч,SVS-CVC,2,6
озын,озын,V-CVS,2,4
таягын,таjагын,CV-SV-CVS,3,7
ике,ике,V-CV,2,3
учлап,учлап,VC-SVC,2,5
ерак,jырак,SV-SVC,2,5
кырларга,кырларга,CVS-SVS-CV,3,8
тик,тик,CVC,1,3
кенә,кенә,CV-SV,2,4
һәм,һәм,CVS,1,3
озак,озак,V-CVC,2,4
кына,кына,CV-SV,2,4
карап,карап,CV-SVC,2,5
тора,тора,CV-SV,2,4
бу,бу,CV,1,2
күз,күз,CVC,1,3
җитмәс,җитмәс,CVC-SVC,2,6
юлкотлы,jулкотлы,SVS-CVC-SV,3,8
яланының,jаланының,SV-SV-SV-SVS,4,9
бөтен,бөтен,CV-CVS,2,5
ягын,jагын,SV-CVS,2,5
андагы,андагы,VS-CV-CV,3,6
түбәләрнең,түбәләрнең,CV-CV-SVS-SVS,4,10
үзәннәрнең,үзәннәрнең,V-CVS-SVS-SVS,4,10
чокырларның,чокырларның,CV-CVS-SVS-SVS,4,11
бөтенесен,бөтенесен,CV-CV-SV-CVS,4,9
исемнәре,исемнәре,V-CVS-SV-SV,4,8
белән,белән,CV-SVS,2,5
белә,белә,CV-SV,2,4
хәзер,хәзер,CV-CVS,2,5
инде,инде,VS-CV,2,4
ул,ул,VS,1,2
исемнәрнең,исемнәрнең,V-CVS-SVS-SVS,4,10
күбесе,күбесе,CV-CV-CV,3,6
онытылып,онытылып,V-SV-CV-SVC,4,8
бара,бара,CV-SV,2,4
хәзер,хәзер,CV-CVS,2,5
мәсәлән,мәсәлән,SV-CV-SVS,3,7
каракош,каракош,CV-SV-CVC,3,7
басуы,басуы,CV-CV-V,3,5
яки,jәки,SV-CV,2,4
атчабар,атчабар,VC-CV-CVS,3,7
кыры,кыры,CV-SV,2,4
дип,дип,CVC,1,3
түгел,түгел,CV-CVS,2,5
ә,ә,V,1,1
фәләненче,фәләненче,CV-SV-SVS-CV,4,9
бригаданың,бригаданың,CSV-CV-CV-SVS,4,10
да,да,CV,1,2
төгәненче,төгәненче,CV-CV-SVS-CV,4,9
бригаданың,бригаданың,CSV-CV-CV-SVS,4,10
участогы,участогы,V-CVC-CV-CV,4,8
дип,дип,CVC,1,3
кенә,кенә,CV-SV,2,4
йөртәләр,jөртәләр,SVS-CV-SVS,3,8
юлкотлы,jулкотлы,SVS-CVC-SV,3,8
яланнарын,jаланнарын,SV-SVS-SV-SVS,4,10
тоташтан,тоташтан,CV-CVC-CVS,3,8
сөреп,сөреп,CV-SVC,2,5
бетерделәр,бетерделәр,CV-CVS-CV-SVS,4,10
иске,иске,VC-CV,2,4
чикләр,чикләр,CVC-SVS,2,6
иске,иске,VC-CV,2,4
исемнәр,исемнәр,V-CVS-SVS,3,7
барысы,барысы,CV-SV-CV,3,6
да,да,CV,1,2
күмелеп,күмелеп,CV-SV-SVC,3,7
калды,калды,CVS-CV,2,5
шунда,шунда,CVS-CV,2,5
карт,карт,CVSC,1,4
түбәдән,түбәдән,CV-CV-CVS,3,7
төшеп,төшеп,CV-CVC,2,5
китә,китә,CV-CV,2,4
үзәнлекләрдән,үзәнлекләрдән,V-CVS-SVC-SVS-CVS,5,13
уза,уза,V-CV,2,3
иген,иген,V-CVS,2,4
басуларын,басуларын,CV-CV-SV-SVS,4,9
буразна,буразна,CV-SVC-SV,3,7
буйлап,буjлап,CVS-SVC,2,6
кисеп,кисеп,CV-CVC,2,5
чыга,чыга,CV-CV,2,4
шулай,шулаj,CV-SVS,2,5
итеп,итеп,V-CVC,2,4
әллә,әллә,VS-SV,2,4
никадәр,никадәр,SV-CV-CVS,3,7
җир,җир,CVS,1,3
әйләнеп,әjләнеп,VS-SV-SVC,3,7
күп,күп,CVC,1,3
вакытта,wакытта,SV-CVC-CV,3,7
авылның,аwылның,V-SVS-SVS,3,7
икенче,икенче,V-CVS-CV,3,6
очыннан,очыннан,V-CVS-SVS,3,7
кайтып,каjтып,CVS-CVC,2,6
керә,керә,CV-SV,2,4
юлында,jулында,SV-SVS-CV,3,7
очраган,очраган,VC-SV-CVS,3,7
кешегә,кешегә,CV-CV-CV,3,6
үзе,үзе,V-CV,2,3
башлап,башлап,CVC-SVC,2,6
дәшми,дәшми,CVC-SV,2,5
ә,ә,V,1,1
берәрсе,берәрсе,CV-SVS-CV,3,7
саумы,саwмы,CVS-SV,2,5
миңлебай,миңлебаj,SVS-SV-CVS,3,8
бабай,бабаj,CV-CVS,2,5
дип,дип,CVC,1,3
дәшсә,дәшсә,CVC-CV,2,5
ару,ару,V-SV,2,3
әле,әле,V-SV,2,3
яки,jәки,SV-CV,2,4
шөкер,шөкер,CV-CVS,2,5
дип,дип,CVC,1,3
кенә,кенә,CV-SV,2,4
узып,узып,V-CVC,2,4
китә,китә,CV-CV,2,4
ни,ни,SV,1,2
уйлап,уjлап,VS-SVC,2,5
нәрсә,нәрсә,SVS-CV,2,5
карап,карап,CV-SVC,2,5
йөри,jөри,SV-SV,2,4
торгандыр,торгандыр,CVS-CVS-CVS,3,9
карт,карт,CVSC,1,4
белүче,белүче,CV-SV-CV,3,6
юк,jук,SVC,1,3
менә,менә,SV-SV,2,4
бүген,бүген,CV-CVS,2,5
дә,дә,CV,1,2
карчык,карчык,CVS-CVC,2,6
йөзгә,jөзгә,SVC-CV,2,5
йөз,jөз,SVC,1,3
очрашкач,очрашкач,VC-SVC-CVC,3,8
дәшмичә,дәшмичә,CVC-SV-CV,3,7
китүне,китүне,CV-CV-SV,3,6
килештермичә,килештермичә,CV-SVC-CVS-SV-CV,5,12
үзе,үзе,V-CV,2,3
башлап,башлап,CVC-SVC,2,6
аңа,аңа,V-SV,2,3
нихәл,нихәл,SV-CVS,2,5
арумы,арумы,V-SV-SV,3,5
миңлебай,миңлебаj,SVS-SV-CVS,3,8
агай,агаj,V-CVS,2,4
диде,диде,CV-CV,2,4
авызын,аwызын,V-SV-CVS,3,6
учы,учы,V-CV,2,3
белән,белән,CV-SVS,2,5
генә,генә,CV-SV,2,4
каплый,каплыj,CVC-SVS,2,6
төшеп,төшеп,CV-CVC,2,5
ә,ә,V,1,1
синмени,синмени,CVS-SV-SV,3,7
әле,әле,V-SV,2,3
бу,бу,CV,1,2
акбикә,акбикә,VC-CV-CV,3,6
килен,килен,CV-SVS,2,5
шөкер,шөкер,CV-CVS,2,5
диде,диде,CV-CV,2,4
карт,карт,CVSC,1,4
тукталып,тукталып,CVC-CV-SVC,3,8
җитмештән,җитмештән,CVC-SVC-CVS,3,9
узган,узган,VC-CVS,2,5
карчык,карчык,CVS-CVC,2,6
аның,аның,V-SVS,2,4
өчен,өчен,V-CVS,2,4
һаман,һаман,CV-SVS,2,5
да,да,CV,1,2
килен,килен,CV-SVS,2,5
иде,иде,V-CV,2,3
әле,әле,V-SV,2,3
һәм,һәм,CVS,1,3
акбикә,акбикә,VC-CV-CV,3,6
дип,дип,CVC,1,3
тә,тә,CV,1,2
бары,бары,CV-SV,2,4
ул,ул,VS,1,2
гына,гына,CV-SV,2,4
дәшә,дәшә,CV-CV,2,4
югыйсә,jүгыjсә,SV-CVS-CV,3,7
авыл,аwыл,V-SVS,2,4
халкы,халкы,CVS-CV,2,5
карчыкны,карчыкны,CVS-CVC-SV,3,8
күптән,күптән,CVC-CVS,2,6
инде,инде,VS-CV,2,4
акъәби,акәби,V-CV-CV,3,5
дип,дип,CVC,1,3
кенә,кенә,CV-SV,2,4
йөртәләр,jөртәләр,SVS-CV-SVS,3,8
каян,каjан,CV-SVS,2,5
кайтып,каjтып,CVS-CVC,2,6
киләсең,киләсең,CV-SV-CVS,3,7
болай,болаj,CV-SVS,2,5
диде,диде,CV-CV,2,4
карт,карт,CVSC,1,4
менә,менә,SV-SV,2,4
кизәк,кизәк,CV-CVC,2,5
җыярга,җыjарга,CV-SVS-CV,3,7
чыккан,чыккан,CVC-CVS,2,6
идем,идем,V-CVS,2,4
ә,ә,V,1,1
и,и,V,1,1
ярый,jарыj,SV-SVS,2,5
ярый,jарыj,SV-SVS,2,5
казан,казан,CV-CVS,2,5
астында,астында,VC-CVS-CV,3,7
утның,утның,VC-SVS,2,5
өзелмәве,өзелмәwе,V-CVS-SV-SV,4,8
яхшы,jахшы,SVC-CV,2,5
йә,jә,SV,1,2
үзең,үзең,V-CVS,2,4
ару,ару,V-SV,2,3
гынамы,гынамы,CV-SV-SV,3,6
соң,соң,CVS,1,3
шөкер,шөкер,CV-CVS,2,5
иде,иде,V-CV,2,3
әле,әле,V-SV,2,3
тик,тик,CVC,1,3
менә,менә,SV-SV,2,4
бу,бу,CV,1,2
көннәрдә,көннәрдә,CVS-SVS-CV,3,8
генә,генә,CV-SV,2,4
әллә,әллә,VS-SV,2,4
нишләп,нишләп,SVC-SVC,2,6
хәлем,хәлем,CV-SVS,2,5
китеп,китеп,CV-CVC,2,5
тора,тора,CV-SV,2,4
диде,диде,CV-CV,2,4
карчык,карчык,CVS-CVC,2,6
һәм,һәм,CVS,1,3
тирләгән,тирләгән,CVS-SV-CVS,3,8
битен,битен,CV-CVS,2,5
яулык,jаwлык,SVS-SVC,2,6
очы,очы,V-CV,2,3
белән,белән,CV-SVS,2,5
сөртеп,сөртеп,CVS-CVC,2,6
алды,алды,VS-CV,2,4
авырма,аwырма,V-SVS-SV,3,6
инде,инде,VS-CV,2,4
син,син,CVS,1,3
ялгыз,jалгыз,SVS-CVC,2,6
кортка,кортка,CVSC-CV,2,6
карар,карар,CV-SVS,2,5
кешең,кешең,CV-CVS,2,5
юк,jук,SVC,1,3
алладан,алладан,VS-SV-CVS,3,7
вакыт,wакыт,SV-CVC,2,5
җитмәгән,җитмәгән,CVC-SV-CVS,3,8
булса,булса,CVS-CV,2,5
үтәр,үтәр,V-CVS,2,4
әле,әле,V-SV,2,3
үтәр,үтәр,V-CVS,2,4
алла,алла,VS-SV,2,4
боерса,боjырса,CV-SVS-CV,3,7
үтәр,үтәр,V-CVS,2,4
бик,бик,CVC,1,3
күпне,күпне,CVC-SV,2,5
үткәрдек,үткәрдек,VC-CVS-CVC,3,8
диде,диде,CV-CV,2,4
карт,карт,CVSC,1,4
ияк,иjәк,V-SVC,2,4
очында,очында,V-CVS-CV,3,6
гына,гына,CV-SV,2,4
ябышып,jабышып,SV-CV-CVC,3,7
торган,торган,CVS-CVS,2,6
берничә,берничә,CVS-SV-CV,3,7
бөртек,бөртек,CVS-CVC,2,6
ап,ап,VC,1,2
ак,ак,VC,1,2
кылдай,кылдаj,CVS-CVS,2,6
сакалын,сакалын,CV-CV-SVS,3,7
селкетеп,селкетеп,CVS-CV-CVC,3,8
ярый,jарыj,SV-SVS,2,5
кортка,кортка,CVSC-CV,2,6
юлыңда,jулыңда,SV-SVS-CV,3,7
бул,бул,CVS,1,3
һәм,һәм,CVS,1,3
карт,карт,CVSC,1,4
озын,озын,V-CVS,2,4
аякларын,аjакларын,V-SVC-SV-SVS,4,9
сыга,сыга,CV-CV,2,4
биреп,биреп,CV-SVC,2,5
китеп,китеп,CV-CVC,2,5
тә,тә,CV,1,2
барды,барды,CVS-CV,2,5
ул,ул,VS,1,2
карчыклар,карчыклар,CVS-CVC-SVS,3,9
белән,белән,CV-SVS,2,5
күп,күп,CVC,1,3
сөйләшеп,сөjләшеп,CVS-SV-CVC,3,8
торырга,торырга,CV-SVS-CV,3,7
яратмый,jаратмыj,SV-SVC-SVS,3,8
иде,иде,V-CV,2,3
акъәби,акәби,V-CV-CV,3,5
үзенең,үзенең,V-CV-SVS,3,6
җилкапкасына,җилкапкасына,CVS-CVC-CV-CV-SV,5,12
җиткәч,җиткәч,CVC-CVC,2,6
туры,туры,CV-SV,2,4
читән,читән,CV-CVS,2,5
алачыкка,алачыкка,V-SV-CVC-CV,4,8
узды,узды,VC-CV,2,4
бу,бу,CV,1,2
эчтән,эчтән,VC-CVS,2,5
балчык,балчык,CVS-CVC,2,6
белән,белән,CV-SVS,2,5
сылаштырылган,сылаштырылган,CV-SVC-CV-SVS-CVS,5,13
җир,җир,CVS,1,3
идәнле,идәнле,V-CVS-SV,3,6
алачыкта,алачыкта,V-SV-CVC-CV,4,8
аның,аның,V-SVS,2,4
барлы,барлы,CVS-SV,2,5
юклы,jуклы,SVC-SV,2,5
савыт,саwыт,CV-SVC,2,5
сабасы,сабасы,CV-CV-CV,3,6
да,да,CV,1,2
тора,тора,CV-SV,2,4
шунда,шунда,CVS-CV,2,5
аш,аш,VC,1,2
суы,суы,CV-V,2,3
да,да,CV,1,2
пешә,пешә,CV-CV,2,4
иде,иде,V-CV,2,3
җирдән,җирдән,CVS-CVS,2,6
аз,аз,VC,1,2
гына,гына,CV-SV,2,4
күтәртеп,күтәртеп,CV-CVS-CVC,3,8
салынган,салынган,CV-SVS-CVS,3,8
калай,калаj,CV-SVS,2,5
морҗасы,морҗасы,SVS-CV-CV,3,7
туры,туры,CV-SV,2,4
гына,гына,CV-SV,2,4
кыектан,кыjыктан,CV-SVC-CVS,3,8
чыгарылган,чыгарылган,CV-CV-SVS-CVS,4,10
учагы,учагы,V-CV-CV,3,5
алдына,алдына,VS-CV-SV,3,6
карчык,карчык,CVS-CVC,2,6
кизәкләрен,кизәкләрен,CV-CVC-SV-SVS,4,10
бушатты,бушатты,CV-CVC-CV,3,7
казанына,казанына,CV-CV-SV-SV,4,8
өч,өч,VC,1,2
дүрт,дүрт,CVSC,1,4
чүмеч,чүмеч,CV-SVC,2,5
су,су,CV,1,2
салды,салды,CVS-CV,2,5
да,да,CV,1,2
учагына,учагына,V-CV-CV-SV,4,7
күп,күп,CVC,1,3
кенә,кенә,CV-SV,2,4
итеп,итеп,V-CVC,2,4
чыбык,чыбык,CV-CVC,2,5
чабык,чабык,CV-CVC,2,5
сындырып,сындырып,CVS-CV-SVC,3,8
тыкты,тыкты,CVC-CV,2,5
ут,ут,VC,1,2
төртеп,төртеп,CVS-CVC,2,6
җибәрде,җибәрде,CV-CVS-CV,3,7
чыбыклар,чыбыклар,CV-CVC-SVS,3,8
күмерләнеп,күмерләнеп,CV-SVS-SV-SVC,4,10
төшкәч,төшкәч,CVC-CVC,2,6
алар,алар,V-SVS,2,4
өстенә,өстенә,VC-CV-SV,3,6
ипләп,ипләп,VC-SVC,2,5
кенә,кенә,CV-SV,2,4
кизәкләр,кизәкләр,CV-CVC-SVS,3,8
өештереп,өjештереп,V-SVC-CV-SVC,4,9
куйды,куjды,CVS-CV,2,5
аның,аның,V-SVS,2,4
исәбе,исәбе,V-CV-CV,3,5
башта,башта,CVC-CV,2,5
су,су,CV,1,2
җылытып,җылытып,CV-SV-CVC,3,7
табак,табак,CV-CVC,2,5
савытын,саwытын,CV-SV-CVS,3,7
юу,jуу,SV-V,2,3
аннары,аннары,VS-SV-SV,3,6
әзер,әзер,V-CVS,2,4
казанда,казанда,CV-CVS-CV,3,7
үзенә,үзенә,V-CV-SV,3,5
бер,бер,CVS,1,3
ике,ике,V-CV,2,3
генә,генә,CV-SV,2,4
уҗау,уҗаw,V-CVS,2,4
буш,буш,CVC,1,3
умач,умач,V-SVC,2,4
пешереп,пешереп,CV-CV-SVC,3,7
алу,алу,V-SV,2,3
иде,иде,V-CV,2,3
нигәдер,нигәдер,SV-CV-CVS,3,7
күңеле,күңеле,CV-SV-SV,3,6
бүген,бүген,CV-CVS,2,5
сызык,сызык,CV-CVC,2,5
йөгерткән,jөгерткән,SV-CVSC-CVS,3,9
буш,буш,CVC,1,3
умачны,умачны,V-SVC-SV,3,6
корот,корот,CV-SVC,2,5
катып,катып,CV-CVC,2,5
кына,кына,CV-SV,2,4
ашарга,ашарга,V-CVS-CV,3,6
теләп,теләп,CV-SVC,2,5
тора,тора,CV-SV,2,4
иде,иде,V-CV,2,3
ләкин,ләкин,SV-CVS,2,5
карчык,карчык,CVS-CVC,2,6
сизә,сизә,CV-CV,2,4
пешерә,пешерә,CV-CV-SV,3,6
дә,дә,CV,1,2
ашый,ашыj,V-CVS,2,4
да,да,CV,1,2
алмас,алмас,VS-SVC,2,5
төсле,төсле,CVC-SV,2,5
хәле,хәле,CV-SV,2,4
бөтенләй,бөтенләj,CV-CVS-SVS,3,8
бетеп,бетеп,CV-CVC,2,5
бара,бара,CV-SV,2,4
көчкә,көчкә,CVC-CV,2,5
генә,генә,CV-SV,2,4
йөреп,jөреп,SV-SVC,2,5
азаплана,азаплана,V-CVC-SV-SV,4,8
гәүдәсе,гәwдәсе,CVS-CV-CV,3,7
менә,менә,SV-SV,2,4
гел,гел,CVS,1,3
ятарга,jатарга,SV-CVS-CV,3,7
гына,гына,CV-SV,2,4
сорап,сорап,CV-SVC,2,5
тора,тора,CV-SV,2,4
ахырда,ахырда,V-CVS-CV,3,6
түзмәде,түзмәде,CVC-SV-CV,3,7
казан,казан,CV-CVS,2,5
астыннан,астыннан,VC-CVS-SVS,3,8
кизәкләрне,кизәкләрне,CV-CVC-SVS-SV,4,10
ал,ал,VS,1,2
гарак,гарак,CV-SVC,2,5
тартып,тартып,CVS-CVC,2,6
учагын,учагын,V-CV-CVS,3,6
сүрелтә,сүрелтә,CV-SVS-CV,3,7
төште,төште,CVC-CV,2,5
дә,дә,CV,1,2
бераз,бераз,CV-SVC,2,5
ятып,jатып,SV-CVC,2,5
торырга,торырга,CV-SVS-CV,3,7
булды,булды,CVS-CV,2,5
алачыктан,алачыктан,V-SV-CVC-CVS,4,9
өенә,өjенә,V-SV-SV,3,5
узышлый,узышлыj,V-CVC-SVS,3,7
күрше,күрше,CVS-CV,2,5
ишегалдында,ишегалдында,V-CV-CVS-CVS-CV,5,11
йөргән,jөргән,SVS-CVS,2,6
яшь,jәш,SVC,1,3
хатынга,хатынга,CV-CVS-CV,3,7
читән,читән,CV-CVS,2,5
аша,аша,V-CV,2,3
гына,гына,CV-SV,2,4
дәште,дәште,CVC-CV,2,5
гарифә,гарифә,CV-SV-CV,3,6
кызым,кызым,CV-CVS,2,5
минем,минем,SV-SVS,2,5
казан,казан,CV-CVS,2,5
астын,астын,VC-CVS,2,5
гына,гына,CV-SV,2,4
кереп,кереп,CV-SVC,2,5
караштыра,караштыра,CV-SVC-CV-SV,4,9
тор,тор,CVS,1,3
әле,әле,V-SV,2,3
әз,әз,VC,1,2
генә,генә,CV-SV,2,4
ятып,jатып,SV-CVC,2,5
алмакчы,алмакчы,VS-SVC-CV,3,7
булам,булам,CV-SVS,2,5
бер,бер,CVS,1,3
генә,генә,CV-SV,2,4
дә,дә,CV,1,2
хәлем,хәлем,CV-SVS,2,5
юк,jук,SVC,1,3
ә,ә,V,1,1
ярый,jарыj,SV-SVS,2,5
ярый,jарыj,SV-SVS,2,5
акъәби,акәби,V-CV-CV,3,5
карармын,карармын,CV-SVS-SVS,3,8
борчылма,борчылма,CVS-CVS-SV,3,8
ят,jат,SVC,1,3
диде,диде,CV-CV,2,4
уңган,уңган,VS-CVS,2,5
хатын,хатын,CV-CVS,2,5
әбинең,әбинең,V-CV-SVS,3,6
төсе,төсе,CV-CV,2,4
качкан,качкан,CVC-CVS,2,6
чыраеннан,чыраjыннан,CV-SV-SVS-SVS,4,10
авыру,аwыру,V-SV-SV,3,5
булуын,булуын,CV-SV-VS,3,6
шунда,шунда,CVS-CV,2,5
ук,ук,VC,1,2
чамалап,чамалап,CV-SV-SVC,3,7
акъәби,акәби,V-CV-CV,3,5
урам,урам,V-SVS,2,4
тәрәзәләре,тәрәзәләре,CV-SV-CV-SV-SV,5,10
ябык,jабык,SV-CVC,2,5
әрем,әрем,V-SVS,2,4
себеркесенең,себеркесенең,CV-CVS-CV-CV-SVS,5,12
исе,исе,V-CV,2,3
аңкыган,аңкыган,VS-CV-CVS,3,7
салкынча,салкынча,CVS-CVS-CV,3,8
өенә,өjенә,V-SV-SV,3,5
керде,керде,CVS-CV,2,5
сәке,сәке,CV-CV,2,4
түренә,түренә,CV-SV-SV,3,6
бөкләп,бөкләп,CVC-SVC,2,6
куйган,куjган,CVS-CVS,2,6
ястыгын,jастыгын,SVC-CV-CVS,3,8
җәйде,җәjде,CVS-CV,2,5
дә,дә,CV,1,2
бисмилласын,бисмилласын,CVC-SVS-SV-CVS,4,11
әйтеп,әjтеп,VS-CVC,2,5
сырган,сырган,CVS-CVS,2,6
юрган,jурган,SVS-CVS,2,6
белән,белән,CV-SVS,2,5
ябынып,jабынып,SV-CV-SVC,3,7
бөгәрләнеп,бөгәрләнеп,CV-CVS-SV-SVC,4,10
кенә,кенә,CV-SV,2,4
ятты,jатты,SVC-CV,2,5
аның,аның,V-SVS,2,4
бик,бик,CVC,1,3
җылынасы,җылынасы,CV-SV-SV-CV,4,8
килә,килә,CV-SV,2,4
иде,иде,V-CV,2,3
ятып,jатып,SV-CVC,2,5
күзләрен,күзләрен,CVC-SV-SVS,3,8
йомуга,jомуга,SV-SV-CV,3,6
ул,ул,VS,1,2
салкын,салкын,CVS-CVS,2,6
бер,бер,CVS,1,3
чоңгылга,чоңгылга,CVS-CVS-CV,3,8
баткандай,баткандаj,CVC-CVS-CVS,3,9
башта,башта,CVC-CV,2,5
туңып,туңып,CV-SVC,2,5
китте,китте,CVC-CV,2,5
кымырҗып,кымырҗып,CV-SVS-CVC,3,8
акрын,акрын,VC-SVS,2,5
гына,гына,CV-SV,2,4
калтырана,калтырана,CVS-CV-SV-SV,4,9
башлады,башлады,CVC-SV-CV,3,7
күпмедер,күпмедер,CVC-SV-CVS,3,8
вакыттан,wакыттан,SV-CVC-CVS,3,8
соң,соң,CVS,1,3
бераз,бераз,CV-SVC,2,5
гына,гына,CV-SV,2,4
җылынган,җылынган,CV-SVS-CVS,3,8
кебек,кебек,CV-CVC,2,5
булды,булды,CVS-CV,2,5
ләкин,ләкин,SV-CVS,2,5
тәмам,тәмам,CV-SVS,2,5
эреп,эреп,V-SVC,2,4
изрәп,изрәп,VC-SVC,2,5
китә,китә,CV-CV,2,4
алмыйча,алмыjча,VS-SVS-CV,3,7
ярым,jарым,SV-SVS,2,5
уяу,уjаw,V-SVS,2,4
ярым,jарым,SV-SVS,2,5
йокылы,jокылы,SV-CV-SV,3,6
хәлдә,хәлдә,CVS-CV,2,5
һаман,һаман,CV-SVS,2,5
бөрешеп,бөрешеп,CV-SV-CVC,3,7
кенә,кенә,CV-SV,2,4
ята,jата,SV-CV,2,4
бирде,бирде,CVS-CV,2,5
бераздан,бераздан,CV-SVC-CVS,3,8
гарифә,гарифә,CV-SV-CV,3,6
кереп,кереп,CV-SVC,2,5
хәлен,хәлен,CV-SVS,2,5
белде,белде,CVS-CV,2,5
ашыйсың,ашыjсың,V-CVS-CVS,3,7
эчәсең,эчәсең,V-CV-CVS,3,6
килмиме,килмиме,CVS-SV-SV,3,7
дип,дип,CVC,1,3
сорады,сорады,CV-SV-CV,3,6
әби,әби,V-CV,2,3
локма,локма,SVC-SV,2,5
да,да,CV,1,2
кабасым,кабасым,CV-CV-CVS,3,7
килми,килми,CVS-SV,2,5
кайнар,каjнар,CVS-SVS,2,6
чәй,чәj,CVS,1,3
генә,генә,CV-SV,2,4
эчәр,эчәр,V-CVS,2,4
идем,идем,V-CVS,2,4
диде,диде,CV-CV,2,4
гарифә,гарифә,CV-SV-CV,3,6
алачыктан,алачыктан,V-SV-CVC-CVS,4,9
утлы,утлы,VC-SV,2,4
көл,көл,CVS,1,3
өстендә,өстендә,VC-CVS-CV,3,7
генә,генә,CV-SV,2,4
пешергән,пешергән,CV-CVS-CVS,3,8
куе,куjы,CV-SV,2,4
чәй,чәj,CVS,1,3
китереп,китереп,CV-CV-SVC,3,7
чынаягына,чынаjагына,CV-SV-SV-CV-SV,5,10
карлыган,карлыган,CVS-SV-CVS,3,8
кагы,кагы,CV-CV,2,4
салып,салып,CV-SVC,2,5
шуны,шуны,CV-SV,2,4
сыек,сыjык,CV-SVC,2,5
бал,бал,CVS,1,3
белән,белән,CV-SVS,2,5
генә,генә,CV-SV,2,4
аңа,аңа,V-SV,2,3
эчерде,эчерде,V-CVS-CV,3,6
әбинең,әбинең,V-CV-SVS,3,6
җыерчыклы,җыjырчыклы,CV-SVS-CVC-SV,4,10
ябык,jабык,SV-CVC,2,5
куллары,куллары,CVS-SV-SV,3,7
һәм,һәм,CVS,1,3
кипкән,кипкән,CVC-CVS,2,6
иреннәре,иреннәре,V-SVS-SV-SV,4,8
калтырый,калтырыj,CVS-CV-SVS,3,8
иде,иде,V-CV,2,3
шулай,шулаj,CV-SVS,2,5
да,да,CV,1,2
ул,ул,VS,1,2
тәлинкәне,тәлинкәне,CV-SVS-CV-SV,4,9
үз,үз,VC,1,2
кулы,кулы,CV-SV,2,4
белән,белән,CV-SVS,2,5
тотып,тотып,CV-CVC,2,5
эчте,эчте,VC-CV,2,4
гарифәгә,гарифәгә,CV-SV-CV-CV,4,8
күп,күп,CVC,1,3
итеп,итеп,V-CVC,2,4
рәхмәт,рәхмәт,SVC-SVC,2,6
әйтте,әjтте,VSC-CV,2,5
тирләп,тирләп,CVS-SVC,2,6
бер,бер,CVS,1,3
йокласам,jокласам,SVC-SV-CVS,3,8
иртәгә,иртәгә,VS-CV-CV,3,6
алла,алла,VS-SV,2,4
боерса,боjырса,CV-SVS-CV,3,7
аякка,аjакка,V-SVC-CV,3,6
басармын,басармын,CV-CVS-SVS,3,8
диде,диде,CV-CV,2,4
тик,тик,CVC,1,3
бүген,бүген,CV-CVS,2,5
инде,инде,VS-CV,2,4
көтү,көтү,CV-CV,2,4
кайткач,каjткач,CVSC-CVC,2,7
кәҗәсен,кәҗәсен,CV-CV-CVS,3,7
савып,саwып,CV-SVC,2,5
сөтен,сөтен,CV-CVS,2,5
баз,баз,CVC,1,3
өстенә,өстенә,VC-CV-SV,3,6
генә,генә,CV-SV,2,4
куярга,куjарга,CV-SVS-CV,3,7
кушты,кушты,CVC-CV,2,5
гарифә,гарифә,CV-SV-CV,3,6
барысын,барысын,CV-SV-CVS,3,7
да,да,CV,1,2
эшләргә,эшләргә,VC-SVS-CV,3,7
булды,булды,CVS-CV,2,5
тыныч,тыныч,CV-SVC,2,5
кына,кына,CV-SV,2,4
ятарга,jатарга,SV-CVS-CV,3,7
кушты,кушты,CVC-CV,2,5
һәм,һәм,CVS,1,3
карчыкның,карчыкның,CVS-CVC-SVS,3,9
өстен,өстен,VC-CVS,2,5
әйбәтләп,әjбәтләп,VS-CVC-SVC,3,8
ябып,jабып,SV-CVC,2,5
чыгып,чыгып,CV-CVC,2,5
китте,китте,CVC-CV,2,5
ләкин,ләкин,SV-CVS,2,5
карчык,карчык,CVS-CVC,2,6
икенче,икенче,V-CVS-CV,3,6
көнне,көнне,CVS-SV,2,5
дә,дә,CV,1,2
өченче,өченче,V-CVS-CV,3,6
көнне,көнне,CVS-SV,2,5
дә,дә,CV,1,2
аягына,аjагына,V-SV-CV-SV,4,7
баса,баса,CV-CV,2,4
алмады,алмады,VS-SV-CV,3,6
күрәсең,күрәсең,CV-SV-CVS,3,7
авыруы,аwыруы,V-SV-SV-V,4,6
аның,аның,V-SVS,2,4
болай,болаj,CV-SVS,2,5
бер,бер,CVS,1,3
ике,ике,V-CV,2,3
көн,көн,CVS,1,3
генә,генә,CV-SV,2,4
ятып,jатып,SV-CVC,2,5
үткәзеп,үткәзеп,VC-CV-CVC,3,7
җибәрерлек,җибәрерлек,CV-CV-SVS-SVC,4,10
түгел,түгел,CV-CVS,2,5
иде,иде,V-CV,2,3
ниндидер,ниндидер,SVS-CV-CVS,3,8
җитди,җитди,CVC-CV,2,5
чиргә,чиргә,CVS-CV,2,5
охшый,охшыj,VC-CVS,2,5
карчык,карчык,CVS-CVC,2,6
үзе,үзе,V-CV,2,3
алай,алаj,V-SVS,2,4
дип,дип,CVC,1,3
уйларга,уjларга,VS-SVS-CV,3,7
тырышмаса,тырышмаса,CV-SVC-SV-CV,4,9
да,да,CV,1,2
әллә,әллә,VS-SV,2,4
ходайдан,ходаjдан,CV-CVS-CVS,3,8
вакыт,wакыт,SV-CVC,2,5
җитүе,җитүе,CV-CV-V,3,5
шушы,шушы,CV-CV,2,4
микән,микән,SV-CVS,2,5
дип,дип,CVC,1,3
шомланып,шомланып,CVS-SV-SVC,3,8
та,та,CV,1,2
куйгалый,куjгалыj,CVS-CV-SVS,3,8
иде,иде,V-CV,2,3
күршеләре,күршеләре,CVS-CV-SV-SV,4,9
кереп,кереп,CV-SVC,2,5
аның,аның,V-SVS,2,4
хәлен,хәлен,CV-SVS,2,5
һаман,һаман,CV-SVS,2,5
белә,белә,CV-SV,2,4
тордылар,тордылар,CVS-CV-SVS,3,8
гарифә,гарифә,CV-SV-CV,3,6
исә,исә,V-CV,2,3
ашау,ашаw,V-CVS,2,4
эчүен,эчүен,V-CV-VS,3,5
кайгыртып,каjгыртып,CVS-CVS-CVC,3,9
йорт,jорт,SVSC,1,4
җирен,җирен,CV-SVS,2,5
һаман,һаман,CV-SVS,2,5
карый,карыj,CV-SVS,2,5
йөрде,jөрде,SVS-CV,2,5
шулай,шулаj,CV-SVS,2,5
да,да,CV,1,2
карчыкның,карчыкның,CVS-CVC-SVS,3,9
хәле,хәле,CV-SV,2,4
бер,бер,CVS,1,3
дә,дә,CV,1,2
алга,алга,VS-CV,2,4
бармагач,бармагач,CVS-SV-CVC,3,8
аңа,аңа,V-SV,2,3
әллә,әллә,VS-SV,2,4
улларыңа,улларыңа,VS-SV-SV-SV,4,8
кызларыңа,кызларыңа,CVC-SV-SV-SV,4,9
хәбәр,хәбәр,CV-CVS,2,5
итикме,итикме,V-CVC-SV,3,6
болай,болаj,CV-SVS,2,5
яту,jату,SV-CV,2,4
ярамас,jарамас,SV-SV-SVC,3,7
бит,бит,CVC,1,3
дия,диjә,CV-SV,2,4
башладылар,башладылар,CVC-SV-CV-SVS,4,10
ләкин,ләкин,SV-CVS,2,5
акъәбинең,акәбинең,V-CV-CV-SVS,4,8
өмете,өмете,V-SV-CV,3,5
зур,зур,CVS,1,3
иде,иде,V-CV,2,3
әле,әле,V-SV,2,3
ерак,jырак,SV-SVC,2,5
каладагы,каладагы,CV-SV-CV-CV,4,8
балаларын,балаларын,CV-SV-SV-SVS,4,9
бер,бер,CVS,1,3
дә,дә,CV,1,2
борчыйсы,борчыjсы,CVS-CVS-CV,3,8
килми,килми,CVS-SV,2,5
иде,иде,V-CV,2,3
аннары,аннары,VS-SV-SV,3,6
болай,болаj,CV-SVS,2,5
да,да,CV,1,2
берәрсе,берәрсе,CV-SVS-CV,3,7
кайтып,каjтып,CVS-CVC,2,6
китмәсме,китмәсме,CVC-SVC-SV,3,8
дигән,дигән,CV-CVS,2,5
өмете,өмете,V-SV-CV,3,5
дә,дә,CV,1,2
юк,jук,SVC,1,3
түгел,түгел,CV-CVS,2,5
иде,иде,V-CV,2,3
кайткалыйлар,каjткалыjлар,CVSC-CV-SVS-SVS,4,12
иде,иде,V-CV,2,3
әле,әле,V-SV,2,3
аның,аның,V-SVS,2,4
уллары,уллары,VS-SV-SV,3,6
яки,jәки,SV-CV,2,4
кызлары,кызлары,CVC-SV-SV,3,7
инәләрен,инәләрен,V-SV-SV-SVS,4,8
онытып,онытып,V-SV-CVC,3,6
бетермиләр,бетермиләр,CV-CVS-SV-SVS,4,10
иде,иде,V-CV,2,3
исән,исән,V-CVS,2,4
генә,генә,CV-SV,2,4
була,була,CV-SV,2,4
күрсеннәр,күрсеннәр,CVS-CVS-SVS,3,9
инде,инде,VS-CV,2,4
карчыкның,карчыкның,CVS-CVC-SVS,3,9
соңгы,соңгы,CVS-CV,2,5
еллардагы,jыллардагы,SVS-SVS-CV-CV,4,10
гомере,гомере,CV-SV-SV,3,6
шул,шул,CVS,1,3
балаларының,балаларының,CV-SV-SV-SV-SVS,5,11
кайтып,каjтып,CVS-CVC,2,6
китүләрен,китүләрен,CV-CV-SV-SVS,4,9
көтеп,көтеп,CV-CVC,2,5
яшәү,jәшәw,SV-CVS,2,5
белән,белән,CV-SVS,2,5
генә,генә,CV-SV,2,4
уза,уза,V-CV,2,3
башлады,башлады,CVC-SV-CV,3,7
дөрес,дөрес,CV-SVC,2,5
моннан,моннан,SVS-SVS,2,6
ун,ун,VS,1,2
ел,jыл,SVS,1,3
элек,элек,V-SVC,2,4
карты,карты,CVS-CV,2,5
үлгәннән,үлгәннән,VS-CVS-SVS,3,8
соң,соң,CVS,1,3
балалары,балалары,CV-SV-SV-SV,4,8
карчыкны,карчыкны,CVS-CVC-SV,3,8
калага,калага,CV-SV-CV,3,6
тартып,тартып,CVS-CVC,2,6
караганнар,караганнар,CV-SV-CVS-SVS,4,10
иде,иде,V-CV,2,3
каравын,караwын,CV-SV-SVS,3,7
ләкин,ләкин,SV-CVS,2,5
акъәби,акәби,V-CV-CV,3,5
гомер,гомер,CV-SVS,2,5
иткән,иткән,VC-CVS,2,5
нигезен,нигезен,SV-CV-CVS,3,7
ташлап,ташлап,CVC-SVC,2,6
китәргә,китәргә,CV-CVS-CV,3,7
теләмәде,теләмәде,CV-SV-SV-CV,4,8
инде,инде,VS-CV,2,4
шушы,шушы,CV-CV,2,4
юлкотлыда,jулкотлыда,SVS-CVC-SV-CV,4,10
туган,туган,CV-CVS,2,5
ул,ул,VS,1,2
үскән,үскән,VC-CVS,2,5
ул,ул,VS,1,2
шушы,шушы,CV-CV,2,4
каһарман,каһарман,CV-CVS-SVS,3,8
карт,карт,CVSC,1,4
өенә,өjенә,V-SV-SV,3,5
килен,килен,CV-SVS,2,5
булып,булып,CV-SVC,2,5
төшкән,төшкән,CVC-CVS,2,6
шушында,шушында,CV-CVS-CV,3,7
илле,илле,VS-SV,2,4
биш,биш,CVC,1,3
ел,jыл,SVS,1,3
яшәгән,jәшәгән,SV-CV-CVS,3,7
уллар,уллар,VS-SVS,2,5
кызлар,кызлар,CVC-SVS,2,6
үстергән,үстергән,VC-CVS-CVS,3,8
шушы,шушы,CV-CV,2,4
юлкотлы,jулкотлы,SVS-CVC-SV,3,8
туфрагында,туфрагында,CVC-SV-CVS-CV,4,10
аның,аның,V-SVS,2,4
атасы,атасы,V-CV-CV,3,5
анасы,анасы,V-SV-CV,3,5
күпме,күпме,CVC-SV,2,5
туганнары,туганнары,CV-CVS-SV-SV,4,9
яшьли,jәшли,SVC-SV,2,5
үлгән,үлгән,VS-CVS,2,5
сабыйлары,сабыjлары,CV-CVS-SV-SV,4,9
гомер,гомер,CV-SVS,2,5
иткән,иткән,VC-CVS,2,5
карты,карты,CVS-CV,2,5
ята,jата,SV-CV,2,4
йә,jә,SV,1,2
ничек,ничек,SV-CVC,2,5
шуларның,шуларның,CV-SVS-SVS,3,8
барысын,барысын,CV-SV-CVS,3,7
да,да,CV,1,2
ташлап,ташлап,CVC-SVC,2,6
китәсең,китәсең,CV-CV-CVS,3,7
күп,күп,CVC,1,3
торасы,торасы,CV-SV-CV,3,6
да,да,CV,1,2
калмагандыр,калмагандыр,CVS-SV-CVS-CVS,4,11
ят,jат,SVC,1,3
җирнең,җирнең,CVS-SVS,2,6
туфрагына,туфрагына,CVC-SV-CV-SV,4,9
барып,барып,CV-SVC,2,5
ятканчы,jатканчы,SVC-CVS-CV,3,8
шушында,шушында,CV-CVS-CV,3,7
үзенең,үзенең,V-CV-SVS,3,6
ата,ата,V-CV,2,3
анасы,анасы,V-SV-CV,3,5
карты,карты,CVS-CV,2,5
сабыйлары,сабыjлары,CV-CVS-SV-SV,4,9
янында,jанында,SV-SVS-CV,3,7
булыр,булыр,CV-SVS,2,5
шулай,шулаj,CV-SVS,2,5
уйлаган,уjлаган,VS-SV-CVS,3,7
иде,иде,V-CV,2,3
карчык,карчык,CVS-CVC,2,6
ул,ул,VS,1,2
чакта,чакта,CVC-CV,2,5
һәм,һәм,CVS,1,3
һичнигә,һичнигә,CVC-SV-CV,3,7
карамастан,карамастан,CV-SV-SVC-CVS,4,10
хәзергә,хәзергә,CV-CVS-CV,3,7
чаклы,чаклы,CVC-SV,2,5
ул,ул,VS,1,2
шушы,шушы,CV-CV,2,4
ниятендә,ниjәтендә,SV-SV-CVS-CV,4,9
нык,нык,SVC,1,3
торды,торды,CVS-CV,2,5
шулай,шулаj,CV-SVS,2,5
да,да,CV,1,2
карчыкка,карчыкка,CVS-CVC-CV,3,8
җиңел,җиңел,CV-SVS,2,5
түгел,түгел,CV-CVS,2,5
иде,иде,V-CV,2,3
туган,туган,CV-CVS,2,5
туфрак,туфрак,CVC-SVC,2,6
никадәр,никадәр,SV-CV-CVS,3,7
генә,генә,CV-SV,2,4
үзенә,үзенә,V-CV-SV,3,5
бәйләмәсен,бәjләмәсен,CVS-SV-SV-CVS,4,10
авыл,аwыл,V-SVS,2,4
артындагы,артындагы,VS-CVS-CV-CV,4,9
канау,канаw,CV-SVS,2,5
белән,белән,CV-SVS,2,5
әйләндереп,әjләндереп,VS-SVS-CV-SVC,4,10
алган,алган,VS-CVS,2,5
зиратта,зиратта,CV-SVC-CV,3,7
ятучы,jатучы,SV-CV-CV,3,6
әрвахлар,әрвахлар,VS-CVC-SVS,3,8
нихәтле,нихәтле,SV-CVC-SV,3,7
генә,генә,CV-SV,2,4
якын,jакын,SV-CVS,2,5
булмасын,булмасын,CVS-SV-CVS,3,8
әмма,әмма,VS-SV,2,4
болар,болар,CV-SVS,2,5
гына,гына,CV-SV,2,4
аның,аның,V-SVS,2,4
тормышын,тормышын,CVS-SV-CVS,3,8
тутыра,тутыра,CV-CV-SV,3,6
ялгызлыгын,jалгызлыгын,SVS-CVC-SV-CVS,4,11
җиңеләйтә,җиңеләjтә,CV-SV-SVS-CV,4,9
алмыйлар,алмыjлар,VS-SVS-SVS,3,8
иде,иде,V-CV,2,3
ялгыз,jалгыз,SVS-CVC,2,6
башын,башын,CV-CVS,2,5
монда,монда,SVS-CV,2,5
асраса,асраса,VC-SV-CV,3,6
да,да,CV,1,2
күңеле,күңеле,CV-SV-SV,3,6
белән,белән,CV-SVS,2,5
ул,ул,VS,1,2
һаман,һаман,CV-SVS,2,5
шул,шул,CVS,1,3
балалары,балалары,CV-SV-SV-SV,4,8
янында,jанында,SV-SVS-CV,3,7
иде,иде,V-CV,2,3
шуларны,шуларны,CV-SVS-SV,3,7
уйлап,уjлап,VS-SVC,2,5
шуларны,шуларны,CV-SVS-SV,3,7
сагынып,сагынып,CV-CV-SVC,3,7
шыксыз,шыксыз,CVC-CVC,2,6
озын,озын,V-CVS,2,4
көзләрне,көзләрне,CVC-SVS-SV,3,8
дә,дә,CV,1,2
салкын,салкын,CVS-CVS,2,6
кышларны,кышларны,CVC-SVS-SV,3,8
да,да,CV,1,2
уздырып,уздырып,VC-CV-SVC,3,7
җибәрә,җибәрә,CV-CV-SV,3,6
сабыр,сабыр,CV-CVS,2,5
гына,гына,CV-SV,2,4
җәйне,җәjне,CVS-SV,2,5
көтеп,көтеп,CV-CVC,2,5
ала,ала,V-SV,2,3
ә,ә,V,1,1
җәен,җәен,CV-VS,2,4
берәр,берәр,CV-SVS,2,5
улымы,улымы,V-SV-SV,3,5
яки,jәки,SV-CV,2,4
кызымы,кызымы,CV-CV-SV,3,6
балалары,балалары,CV-SV-SV-SV,4,8
белән,белән,CV-SVS,2,5
кайтып,каjтып,CVS-CVC,2,6
китәргә,китәргә,CV-CVS-CV,3,7
тиеш,тиjеш,CV-SVC,2,5
аның,аның,V-SVS,2,4
шулай,шулаj,CV-SVS,2,5
көйләнде,көjләнде,CVS-SVS-CV,3,8
инде,инде,VS-CV,2,4
карчыкның,карчыкның,CVS-CVC-SVS,3,9
тормышы,тормышы,CVS-SV-CV,3,7
асылда,асылда,V-CVS-CV,3,6
җәйнең,җәjнең,CVS-SVS,2,6
бер,бер,CVS,1,3
атна,атна,VC-SV,2,4
ун,ун,VS,1,2
көне,көне,CV-SV,2,4
өчен,өчен,V-CVS,2,4
генә,генә,CV-SV,2,4
яши,jәши,SV-CV,2,4
ул,ул,VS,1,2
һәм,һәм,CVS,1,3
ел,jыл,SVS,1,3
буе,буjы,CV-SV,2,4
диярлек,диjәрлек,CV-SVS-SVC,3,8
тик,тик,CVC,1,3
шуңа,шуңа,CV-SV,2,4
әзерләнә,әзерләнә,V-CVS-SV-SV,4,8
маен,маjын,SV-SVS,2,5
күкәен,күкәjен,CV-CV-SVS,3,6
дә,дә,CV,1,2
шул,шул,CVS,1,3
көнгә,көнгә,CVS-CV,2,5
дип,дип,CVC,1,3
җыя,җыjа,CV-SV,2,4
итен,итен,V-CVS,2,4
казылыгын,казылыгын,CV-CV-SV-CVS,4,9
да,да,CV,1,2
балаларым,балаларым,CV-SV-SV-SVS,4,9
өчен,өчен,V-CVS,2,4
дип,дип,CVC,1,3
каклый,каклыj,CVC-SVS,2,6
шомыртын,шомыртын,CV-SVS-CVS,3,8
эремчеген,эремчеген,V-SVS-CV-CVS,4,9
коротын,коротын,CV-SV-CVS,3,7
да,да,CV,1,2
шулар,шулар,CV-SVS,2,5
өчен,өчен,V-CVS,2,4
киптереп,киптереп,CVC-CV-SVC,3,8
куя,куjа,CV-SV,2,4
бигрәк,бигрәк,CVC-SVC,2,6
тә,тә,CV,1,2
оныкларын,оныкларын,V-SVC-SV-SVS,4,9
бик,бик,CVC,1,3
сагына,сагына,CV-CV-SV,3,6
карчык,карчык,CVS-CVC,2,6
шулар,шулар,CV-SVS,2,5
кайтса,каjтса,CVSC-CV,2,6
инде,инде,VS-CV,2,4
куанычы,куанычы,CV-V-SV-CV,4,7
эченә,эченә,V-CV-SV,3,5
сыймый,сыjмыj,CVS-SVS,2,6
бөтен,бөтен,CV-CVS,2,5
дөньясын,дөнjасын,CVS-SV-CVS,3,8
оныта,оныта,V-SV-CV,3,5
үзе,үзе,V-CV,2,3
дә,дә,CV,1,2
бер,бер,CVS,1,3
бәйрәм,бәjрәм,CVS-SVS,2,6
итеп,итеп,V-CVC,2,4
кала,кала,CV-SV,2,4
бичара,бичара,CV-CV-SV,3,6
тик,тик,CVC,1,3
бу,бу,CV,1,2
бәләкәчләрнең,бәләкәчләрнең,CV-SV-CVC-SVS-SVS,5,13
әти,әти,V-CV,2,3
әниләре,әниләре,V-SV-SV-SV,4,7
карчык,карчык,CVS-CVC,2,6
янына,jанына,SV-SV-SV,3,6
гадәттә,гадәттә,CV-CVC-CV,3,7
бик,бик,CVC,1,3
кыска,кыска,CVC-CV,2,5
вакытка,wакытка,SV-CVC-CV,3,7
гына,гына,CV-SV,2,4
кайталар,каjталар,CVS-CV-SVS,3,8
алар,алар,V-SVS,2,4
ни,ни,SV,1,2
хикмәттер,хикмәттер,CVC-SVC-CVS,3,9
гел,гел,CVS,1,3
ашыгалар,ашыгалар,V-CV-CV-SVS,4,8
кайсының,каjсының,CVS-CV-SVS,3,8
эше,эше,V-CV,2,3
көтә,көтә,CV-CV,2,4
кайсының,каjсының,CVS-CV-SVS,3,8
курортка,курортка,CV-SVSC-CV,3,8
китәсе,китәсе,CV-CV-CV,3,6
була,була,CV-SV,2,4
аннары,аннары,VS-SV-SV,3,6
балаларыбыз,балаларыбыз,CV-SV-SV-SV-CVC,5,11
авыл,аwыл,V-SVS,2,4
җирендә,җирендә,CV-SVS-CV,3,7
авырып,аwырып,V-SV-SVC,3,6
нитеп,нитеп,SV-CVC,2,5
китә,китә,CV-CV,2,4
күрмәсен,күрмәсен,CVS-SV-CVS,3,8
дип,дип,CVC,1,3
куркалар,куркалар,CVS-CV-SVS,3,8
да,да,CV,1,2
булса,булса,CVS-CV,2,5
кирәк,кирәк,CV-SVC,2,5
кыскасы,кыскасы,CVC-CV-CV,3,7
бер,бер,CVS,1,3
атна,атна,VC-SV,2,4
торгач,торгач,CVS-CVC,2,6
та,та,CV,1,2
карчыкның,карчыкның,CVS-CVC-SVS,3,9
бик,бик,CVC,1,3
тилмереп,тилмереп,CVS-SV-SVC,3,8
соравына,сораwына,CV-SV-SV-SV,4,8
карамастан,карамастан,CV-SV-SVC-CVS,4,10
юатыр,jуатыр,SV-V-CVS,3,6
өчен,өчен,V-CVS,2,4
кулына,кулына,CV-SV-SV,3,6
мул,мул,SVS,1,3
гына,гына,CV-SV,2,4
акча,акча,VC-CV,2,4
тоттырып,тоттырып,CVC-CV-SVC,3,8
вәгъдәләр,wәгдәләр,SVC-CV-SVS,3,8
биргән,биргән,CVS-CVS,2,6
булып,булып,CV-SVC,2,5
китеп,китеп,CV-CVC,2,5
тә,тә,CV,1,2
баралар,баралар,CV-SV-SVS,3,7
шулай,шулаj,CV-SVS,2,5
итеп,итеп,V-CVC,2,4
ел,jыл,SVS,1,3
буе,буjы,CV-SV,2,4
көтеп,көтеп,CV-CVC,2,5
алган,алган,VS-CVS,2,5
санаулы,санаwлы,CV-SVS-SV,3,7
көннәр,көннәр,CVS-SVS,2,6
төш,төш,CVC,1,3
кебек,кебек,CV-CVC,2,5
кенә,кенә,CV-SV,2,4
үтә,үтә,V-CV,2,3
дә,дә,CV,1,2
китә,китә,CV-CV,2,4
аннары,аннары,VS-SV-SV,3,6
тагын,тагын,CV-CVS,2,5
шул,шул,CVS,1,3
кыска,кыска,CVC-CV,2,5
гына,гына,CV-SV,2,4
тансык,тансык,CVS-CVC,2,6
төшнең,төшнең,CVC-SVS,2,6
яңадан,jаңадан,SV-SV-CVS,3,7
иңүен,иңүен,V-SV-VS,3,5
көткәндәй,көткәндәj,CVC-CVS-CVS,3,9
озын,озын,V-CVS,2,4
йокыга,jокыга,SV-CV-CV,3,6
охшашлы,охшашлы,VC-CVC-SV,3,7
ялгыз,jалгыз,SVS-CVC,2,6
гына,гына,CV-SV,2,4
яшәү,jәшәw,SV-CVS,2,5
башлана,башлана,CVC-SV-SV,3,7
нишлисең,нишлисең,SVC-SV-CVS,3,8
заманасы,заманасы,CV-SV-SV-CV,4,8
шулай,шулаj,CV-SVS,2,5
туры,туры,CV-SV,2,4
килде,килде,CVS-CV,2,5
инде,инде,VS-CV,2,4
акъәбинең,акәбинең,V-CV-CV-SVS,4,8
сабый,сабыj,CV-CVS,2,5
чактан,чактан,CVC-CVS,2,6
исән,исән,V-CVS,2,4
калган,калган,CVS-CVS,2,6
балалары,балалары,CV-SV-SV-SV,4,8
үсә,үсә,V-CV,2,3
тордылар,тордылар,CVS-CV-SVS,3,8
күрше,күрше,CVS-CV,2,5
авылның,аwылның,V-SVS-SVS,3,7
урта,урта,VS-CV,2,4
мәктәбен,мәктәбен,SVC-CV-CVS,3,8
бетерә,бетерә,CV-CV-SV,3,6
тордылар,тордылар,CVS-CV-SVS,3,8
һәркайсы,һәркаjсы,CVS-CVS-CV,3,8
канат,канат,CV-SVC,2,5
чыгарган,чыгарган,CV-CVS-CVS,3,8
кош,кош,CVC,1,3
кебек,кебек,CV-CVC,2,5
юлкотлыдан,jулкотлыдан,SVS-CVC-SV-CVS,4,11
еракка,jыракка,SV-SVC-CV,3,7
оча,оча,V-CV,2,3
торды,торды,CVS-CV,2,5
хәзерге,хәзерге,CV-CVS-CV,3,7
вакытта,wакытта,SV-CVC-CV,3,7
бер,бер,CVS,1,3
улы,улы,V-SV,2,3
белән,белән,CV-SVS,2,5
бер,бер,CVS,1,3
кызы,кызы,CV-CV,2,4
өфедә,өфедә,V-CV-CV,3,5
яшиләр,jәшиләр,SV-CV-SVS,3,7
тагын,тагын,CV-CVS,2,5
бер,бер,CVS,1,3
кызы,кызы,CV-CV,2,4
врач,врач,CSVC,1,4
булып,булып,CV-SVC,2,5
чыкканы,чыкканы,CVC-CV-SV,3,7
пермь,перм,CVSS,1,4
өлкәсендә,өлкәсендә,VS-CV-CVS-CV,4,9
тора,тора,CV-SV,2,4
ә,ә,V,1,1
иң,иң,VS,1,2
кече,кече,CV-CV,2,4
малае,малаjы,SV-SV-SV,3,6
институтны,институтны,VSC-CV-CVC-SV,4,10
бетергәч,бетергәч,CV-CVS-CVC,3,8
казакъстанга,казакстанга,CV-CVCC-CVS-CV,4,11
җибәрелгән,җибәрелгән,CV-CV-SVS-CVS,4,10
иде,иде,V-CV,2,3
шунда,шунда,CVS-CV,2,5
исеме,исеме,V-CV-SV,3,5
дә,дә,CV,1,2
билгесез,билгесез,CVS-CV-CVC,3,8
бер,бер,CVS,1,3
шәһәрдә,шәһәрдә,CV-CVS-CV,3,7
кемдер,кемдер,CVS-CVS,2,6
булып,булып,CV-SVC,2,5
эшли,эшли,VC-SV,2,4
өфедәге,өфедәге,V-CV-CV-CV,4,7
иң,иң,VS,1,2
зур,зур,CVS,1,3
улы,улы,V-SV,2,3
суфиян,суфиjан,CV-CV-SVS,3,7
хәзер,хәзер,CV-CVS,2,5
инде,инде,VS-CV,2,4
отставкага,отставкага,VC-CCVC-CV-CV,4,10
чыккан,чыккан,CVC-CVS,2,6
полковник,полковник,CVS-CVC-SVC,3,9
ә,ә,V,1,1
кызы,кызы,CV-CV,2,4
гөлбикә,гөлбикә,CVS-CV-CV,3,7
фәнни,фәнни,CVS-SV,2,5
институтларның,институтларның,VSC-CV-CVC-SVS-SVS,5,14
берсендә,берсендә,CVS-CVS-CV,3,8
гыйльми,гыjлми,CVSS-SV,2,6
эштә,эштә,VC-CV,2,4
кияве,киjәwе,CV-SV-SV,3,6
исә,исә,V-CV,2,3
аның,аның,V-SVS,2,4
чакмагош,чакмагош,CVC-SV-CVC,3,8
башкорты,башкорты,CVC-CVS-CV,3,8
зур,зур,CVS,1,3
җаваплы,җаwаплы,CV-SVC-SV,3,7
урында,урында,V-SVS-CV,3,6
утыра,утыра,V-CV-SV,3,5
кыскасы,кыскасы,CVC-CV-CV,3,7
барысы,барысы,CV-SV-CV,3,6
да,да,CV,1,2
зур,зур,CVS,1,3
кешеләр,кешеләр,CV-CV-SVS,3,7
булып,булып,CV-SVC,2,5
беттеләр,беттеләр,CVC-CV-SVS,3,8
кайсы,каjсы,CVS-CV,2,5
галим,галим,CV-SVS,2,5
кайсы,каjсы,CVS-CV,2,5
инженер,инженер,VS-CV-SVS,3,7
кайсы,каjсы,CVS-CV,2,5
врач,врач,CSVC,1,4
борын,борын,CV-SVS,2,5
заманда,заманда,CV-SVS-CV,3,7
бер,бер,CVS,1,3
ата,ата,V-CV,2,3
анадан,анадан,V-SV-CVS,3,6
түгел,түгел,CV-CVS,2,5
бөтен,бөтен,CV-CVS,2,5
өязеннән,өjәзеннән,V-SV-CVS-SVS,4,9
бу,бу,CV,1,2
кадәр,кадәр,CV-CVS,2,5
укымышлы,укымышлы,V-CV-SVC-SV,4,8
башкорт,башкорт,CVC-CVSC,2,7
чыкмагандыр,чыкмагандыр,CVC-SV-CVS-CVS,4,11
акъәби,акәби,V-CV-CV,3,5
үзе,үзе,V-CV,2,3
кыз,кыз,CVC,1,3
чагында,чагында,CV-CVS-CV,3,7
башкорттан,башкорттан,CVC-CVSC-CVS,3,10
яки,jәки,SV-CV,2,4
татардан,татардан,CV-CVS-CVS,3,8
доктор,доктор,CVC-CVS,2,6
барлыгын,барлыгын,CVS-SV-CVS,3,8
ишеткәне,ишеткәне,V-CVC-CV-SV,4,8
дә,дә,CV,1,2
юк,jук,SVC,1,3
иде,иде,V-CV,2,3
әле,әле,V-SV,2,3
дә,дә,CV,1,2
хәтерли,хәтерли,CV-CVS-SV,3,7
элек,элек,V-SVC,2,4
авылда,аwылда,V-SVS-CV,3,6
берәрсенең,берәрсенең,CV-SVS-CV-SVS,4,10
теше,теше,CV-CV,2,4
сызласа,сызласа,CVC-SV-CV,3,7
моннан,моннан,SVS-SVS,2,6
унсигез,унсигез,VS-CV-CVC,3,7
чакрымдагы,чакрымдагы,CVC-SVS-CV-CV,4,10
чуваш,чуваш,CV-CVC,2,5
авылына,аwылына,V-SV-SV-SV,4,7
тәмәке,тәмәке,CV-SV-CV,3,6
алып,алып,V-SVC,2,4
кайтыр,каjтыр,CVS-CVS,2,6
очен,очен,V-CVS,2,4
ат,ат,VC,1,2
мендереп,мендереп,SVS-CV-SVC,3,8
кеше,кеше,CV-CV,2,4
чаптыра,чаптыра,CVC-CV-SV,3,7
торганнар,торганнар,CVS-CVS-SVS,3,9
иде,иде,V-CV,2,3
булган,булган,CVS-CVS,2,6
заманнар,заманнар,CV-SVS-SVS,3,8
юк,jук,SVC,1,3
аның,аның,V-SVS,2,4
балаларына,балаларына,CV-SV-SV-SV-SV,5,10
килде,килде,CVS-CV,2,5
инде,инде,VS-CV,2,4
бәхет,бәхет,CV-CVC,2,5
килде,килде,CVS-CV,2,5
әйтәсе,әjтәсе,VS-CV-CV,3,6
дә,дә,CV,1,2
түгел,түгел,CV-CVS,2,5
тик,тик,CVC,1,3
менә,менә,SV-SV,2,4
бик,бик,CVC,1,3
бәхетле,бәхетле,CV-CVC-SV,3,7
булып,булып,CV-SVC,2,5
киткән,киткән,CVC-CVS,2,6
балалары,балалары,CV-SV-SV-SV,4,8
аңардан,аңардан,V-SVS-CVS,3,7
ничектер,ничектер,SV-CVC-CVS,3,8
шактый,шактыj,CVC-CVS,2,6
ераклаштылар,jыраклаштылар,SV-SVC-SVC-CV-SVS,5,13
шикелле,шикелле,CV-CVS-SV,3,7
зарланса,зарланса,CVS-SVS-CV,3,8
язык,jазык,SV-CVC,2,5
булыр,булыр,CV-SVS,2,5
карыйлар,карыjлар,CV-SVS-SVS,3,8
ярдәмнәреннән,jәрдәмнәреннән,SVS-CVS-SV-SVS-SVS,5,14
ташламыйлар,ташламыjлар,CVC-SV-SVS-SVS,4,11
рәхмәт,рәхмәт,SVC-SVC,2,6
үзләренә,үзләренә,VC-SV-SV-SV,4,8
тик,тик,CVC,1,3
шулай,шулаj,CV-SVS,2,5
да,да,CV,1,2
карчык,карчык,CVS-CVC,2,6
борчылып,борчылып,CVS-CV-SVC,3,8
уйламыйча,уjламыjча,VS-SV-SVS-CV,4,9
булдыра,булдыра,CVS-CV-SV,3,7
алмый,алмыj,VS-SVS,2,5
туган,туган,CV-CVS,2,5
җирләрен,җирләрен,CVS-SV-SVS,3,8
дә,дә,CV,1,2
кечкенә,кечкенә,CVC-CV-SV,3,7
юлкотлыны,jулкотлыны,SVS-CVC-SV-SV,4,10
да,да,CV,1,2
аталарыннан,аталарыннан,V-CV-SV-SVS-SVS,5,11
калган,калган,CVS-CVS,2,6
нигезне,нигезне,SV-CVC-SV,3,7
дә,дә,CV,1,2
алар,алар,V-SVS,2,4
бөтенләй,бөтенләj,CV-CVS-SVS,3,8
онытып,онытып,V-SV-CVC,3,6
баралар,баралар,CV-SV-SVS,3,7
кебек,кебек,CV-CVC,2,5
уйлары,уjлары,VS-SV-SV,3,6
да,да,CV,1,2
күңелләре,күңелләре,CV-SVS-SV-SV,4,9
дә,дә,CV,1,2
бүтәндә,бүтәндә,CV-CVS-CV,3,7
булса,булса,CVS-CV,2,5
кирәк,кирәк,CV-SVC,2,5
менә,менә,SV-SV,2,4
зур,зур,CVS,1,3
улы,улы,V-SV,2,3
суфиян,суфиjан,CV-CV-SVS,3,7
күпме,күпме,CVC-SV,2,5
ил,ил,VS,1,2
гизде,гизде,CVC-CV,2,5
нинди,нинди,SVS-CV,2,5
зур,зур,CVS,1,3
дәрәҗәгә,дәрәҗәгә,CV-SV-CV-CV,4,8
иреште,иреште,V-SVC-CV,3,6
олайды,олаjды,V-SVS-CV,3,6
үзенең,үзенең,V-CV-SVS,3,6
дә,дә,CV,1,2
ул,ул,VS,1,2
кызлары,кызлары,CVC-SV-SV,3,7
үсеп,үсеп,V-CVC,2,4
җитте,җитте,CVC-CV,2,5
инде,инде,VS-CV,2,4
хәзер,хәзер,CV-CVS,2,5
беркайда,беркаjда,CVS-CVS-CV,3,8
да,да,CV,1,2
эшләми,эшләми,VC-SV-SV,3,6
зур,зур,CVS,1,3
пенсия,пенсиjә,CVS-CV-SV,3,7
ала,ала,V-SV,2,3
машинасы,машинасы,SV-CV-SV-CV,4,8
бар,бар,CVS,1,3
аңа,аңа,V-SV,2,3
бит,бит,CVC,1,3
юлкотлыга,jулкотлыга,SVS-CVC-SV-CV,4,10
ешрак,jышрак,SVC-SVC,2,6
кайтса,каjтса,CVSC-CV,2,6
да,да,CV,1,2
була,була,CV-SV,2,4
хәзер,хәзер,CV-CVS,2,5
ләкин,ләкин,SV-CVS,2,5
нишләтәсең,нишләтәсең,SVC-SV-CV-CVS,4,10
аны,аны,V-SV,2,3
һаман,һаман,CV-SVS,2,5
вакытым,wакытым,SV-CV-CVS,3,7
юк,jук,SVC,1,3
дип,дип,CVC,1,3
зарлана,зарлана,CVS-SV-SV,3,7
ниндидер,ниндидер,SVS-CV-CVS,3,8
комиссияләрдә,комиссиjаләрдә,CV-SVC-CV-SV-SVS-CV,6,14
эшләп,эшләп,VC-SVC,2,5
йөри,jөри,SV-SV,2,4
кышын,кышын,CV-CVS,2,5
бер,бер,CVS,1,3
ике,ике,V-CV,2,3
айга,аjга,VS-CV,2,4
курортка,курортка,CV-SVSC-CV,3,8
китә,китә,CV-CV,2,4
йә,jә,SV,1,2
булмаса,булмаса,CVS-SV-CV,3,7
үзе,үзе,V-CV,2,3
кебек,кебек,CV-CVC,2,5
погоннарын,погоннарын,CV-CVS-SV-SVS,4,10
салган,салган,CVS-CVS,2,6
полковниклар,полковниклар,CVS-CVC-SVC-SVS,4,12
белән,белән,CV-SVS,2,5
төннәр,төннәр,CVS-SVS,2,6
буе,буjы,CV-SV,2,4
карта,карта,CVS-CV,2,5
сугып,сугып,CV-CVC,2,5
утыра,утыра,V-CV-SV,3,5
ә,ә,V,1,1
җәйгә,җәjгә,CVS-CV,2,5
чыккач,чыккач,CVC-CVC,2,6
машинасына,машинасына,SV-CV-SV-CV-SV,5,10
хатынын,хатынын,CV-CV-SVS,3,7
бала,бала,CV-SV,2,4
чагаларын,чагаларын,CV-CV-SV-SVS,4,9
утырта,утырта,V-CVS-CV,3,6
да,да,CV,1,2
йә,jә,SV,1,2
кырымга,кырымга,CV-SVS-CV,3,7
йә,jә,SV,1,2
хатынының,хатынының,CV-CV-SV-SVS,4,9
урыс,урыс,V-SVC,2,4
туганнарына,туганнарына,CV-CVS-SV-SV-SV,5,11
саратовка,саратовка,CV-SV-CVC-CV,4,9
китеп,китеп,CV-CVC,2,5
бара,бара,CV-SV,2,4
суфиян,суфиjан,CV-CV-SVS,3,7
сугышка,сугышка,CV-CVC-CV,3,7
чаклы,чаклы,CVC-SV,2,5
ук,ук,VC,1,2
әле,әле,V-SV,2,3
саратовта,саратовта,CV-SV-CVC-CV,4,9
хезмәт,хезмәт,CVC-SVC,2,6
иткән,иткән,VC-CVS,2,5
чагында,чагында,CV-CVS-CV,3,7
марҗа,марҗа,SVS-CV,2,5
кызына,кызына,CV-CV-SV,3,6
өйләнгән,өjләнгән,VS-SVS-CVS,3,8
иде,иде,V-CV,2,3
һәм,һәм,CVS,1,3
акъәбинең,акәбинең,V-CV-CV-SVS,4,8
ул,ул,VS,1,2
чакта,чакта,CVC-CV,2,5
моңа,моңа,SV-SV,2,4
күңеле,күңеле,CV-SV-SV,3,6
бик,бик,CVC,1,3
тә,тә,CV,1,2
сыкранган,сыкранган,CVC-SVS-CVS,3,9
иде,иде,V-CV,2,3
ә,ә,V,1,1
каладан,каладан,CV-SV-CVS,3,7
йөз,jөз,SVC,1,3
егерме,jегерме,SV-CVS-SV,3,7
чакрымда,чакрымда,CVC-SVS-CV,3,8
гына,гына,CV-SV,2,4
торган,торган,CVS-CVS,2,6
юлкотлы,jулкотлы,SVS-CVC-SV,3,8
читтә,читтә,CVC-CV,2,5
кала,кала,CV-SV,2,4
әнисе,әнисе,V-SV-CV,3,5
карчыкның,карчыкның,CVS-CVC-SVS,3,9
алар,алар,V-SVS,2,4
өчен,өчен,V-CVS,2,4
генә,генә,CV-SV,2,4
дип,дип,CVC,1,3
саклаган,саклаган,CVC-SV-CVS,3,8
казлары,казлары,CVC-SV-SV,3,7
келәтендә,келәтендә,CV-SV-CVS-CV,4,9
шул,шул,CVS,1,3
килеш,килеш,CV-SVC,2,5
эленеп,эленеп,V-SV-SVC,3,6
тора,тора,CV-SV,2,4
полковникның,полковникның,CVS-CVC-SVC-SVS,4,12
кереп,кереп,CV-SVC,2,5
туган,туган,CV-CVS,2,5
авылын,аwылын,V-SV-SVS,3,6
күрергә,күрергә,CV-SVS-CV,3,7
һәм,һәм,CVS,1,3
әнисен,әнисен,V-SV-CVS,3,6
куандырырга,куандырырга,CV-VS-CV-SVS-CV,5,11
вакыты,wакыты,SV-CV-CV,3,6
да,да,CV,1,2
җае,җаjы,CV-SV,2,4
да,да,CV,1,2
табылмый,табылмыj,CV-CVS-SVS,3,8
ничек,ничек,SV-CVC,2,5
моңа,моңа,SV-SV,2,4
күңел,күңел,CV-SVS,2,5
сыкранмасын,сыкранмасын,CVC-SVS-SV-CVS,4,11
ди,ди,CV,1,2
